EPSD,Substrate
EP0133158,A1KXE4
EP0133218,A1X283
EP0134296,A2RUS2
EP0138521,A6NKT7
EP0138564,A6NMY6
EP0143184,A8K4G0
EP0155333,C9JLW8
EP0162572,E9PAV3
EP0000009,O00139
EP0000010,O00141
EP0000019,O00161
EP0000022,O00168
EP0000023,O00170
EP0000035,O00206
EP0000037,O00213
EP0000045,O00231
EP0000055,O00257
EP0000058,O00267
EP0000069,O00303
EP0000072,O00311
EP0000074,O00327
EP0000075,O00329
EP0000085,O00399
EP0000087,O00401
EP0000092,O00418
EP0000097,O00429
EP0000099,O00443
EP0000100,O00444
EP0000118,O00482
EP0000125,O00506
EP0000138,O00560
EP0000139,O00562
EP0000140,O00566
EP0000143,O00571
EP0000159,O00631
EP0000163,O00716
EP0000173,O00763
EP0000175,O00767
EP0001050,O14493
EP0001053,O14497
EP0001061,O14519
EP0001071,O14543
EP0001076,O14558
EP0001077,O14559
EP0001101,O14638
EP0001104,O14641
EP0001108,O14649
EP0001122,O14686
EP0001124,O14713
EP0001125,O14715
EP0001128,O14727
EP0001131,O14733
EP0001133,O14737
EP0001134,O14744
EP0001135,O14745
EP0001136,O14746
EP0001139,O14757
EP0001145,O14773
EP0001148,O14777
EP0001163,O14813
EP0001166,O14818
EP0001167,O14827
EP0001168,O14828
EP0001191,O14920
EP0001192,O14921
EP0001198,O14936
EP0001199,O14939
EP0001203,O14950
EP0001204,O14958
EP0001206,O14964
EP0001207,O14965
EP0001211,O14974
EP0001217,O14980
EP0001220,O14986
EP0001222,O14994
EP0001224,O15014
EP0001230,O15027
EP0089610,O15033-2
EP0001242,O15055
EP0001243,O15056
EP0001257,O15084
EP0001262,O15111
EP0001264,O15117
EP0001266,O15119
EP0001270,O15126
EP0001273,O15143
EP0001277,O15151
EP0001281,O15162
EP0001284,O15169
EP0001292,O15198
EP0001299,O15217
EP0001317,O15259
EP0001320,O15264
EP0001322,O15266
EP0001323,O15269
EP0001325,O15273
EP0001326,O15287
EP0001327,O15294
EP0001329,O15297
EP0001331,O15304
EP0001340,O15350
EP0001343,O15355
EP0001344,O15357
EP0001345,O15360
EP0001351,O15379
EP0001356,O15392
EP0001375,O15446
EP0001376,O15455
EP0001386,O15492
EP0001392,O15511
EP0001394,O15516
EP0001395,O15519
EP0001398,O15523
EP0001404,O15530
EP0001415,O15551
EP0001417,O15553
EP0001418,O15554
EP0002358,O43148
EP0002363,O43156
EP0002364,O43157
EP0002366,O43164
EP0002373,O43175
EP0002374,O43181
EP0002392,O43255
EP0002393,O43257
EP0002405,O43293
EP0002406,O43294
EP0002413,O43303
EP0002419,O43312
EP0002422,O43315
EP0002424,O43318
EP0002431,O43353
EP0002436,O43379
EP0002438,O43395
EP0002449,O43432
EP0002457,O43464
EP0002461,O43490
EP0002466,O43504
EP0002472,O43516
EP0002474,O43521
EP0089755,O43521-2
EP0002475,O43524
EP0002477,O43526
EP0002479,O43541
EP0002480,O43542
EP0002486,O43559
EP0002487,O43561
EP0002488,O43566
EP0002494,O43586
EP0002497,O43597
EP0089775,O43602-2
EP0002503,O43613
EP0002506,O43623
EP0002512,O43660
EP0002513,O43663
EP0002514,O43665
EP0002522,O43683
EP0002523,O43684
EP0002551,O43768
EP0002556,O43791
EP0002567,O43823
EP0002576,O43852
EP0002585,O43896
EP0002592,O43914
EP0002595,O43918
EP0003335,O60229
EP0003340,O60237
EP0003342,O60239
EP0003343,O60240
EP0003347,O60244
EP0003353,O60260
EP0003356,O60266
EP0003359,O60271
EP0003364,O60285
EP0003385,O60331
EP0003389,O60341
EP0003390,O60343
EP0003391,O60346
EP0003397,O60381
EP0003417,O60479
EP0003424,O60496
EP0003426,O60500
EP0003429,O60504
EP0003430,O60506
EP0003445,O60563
EP0003447,O60566
EP0003451,O60602
EP0003454,O60610
EP0003468,O60671
EP0003469,O60673
EP0003470,O60674
EP0003478,O60701
EP0003481,O60711
EP0003482,O60716
EP0003495,O60763
EP0003507,O60814
EP0003508,O60825
EP0003511,O60829
EP0003520,O60869
EP0003539,O60928
EP0003542,O60934
EP0003543,O60936
EP0003546,O60941
EP0004311,O75030
EP0004316,O75051
EP0004319,O75056
EP0004320,O75061
EP0004341,O75116
EP0004343,O75122
EP0004351,O75143
EP0004356,O75150
EP0004357,O75151
EP0004358,O75152
EP0004360,O75154
EP0004368,O75170
EP0004372,O75179
EP0004426,O75376
EP0004427,O75379
EP0004431,O75385
EP0004442,O75410
EP0004460,O75449
EP0004463,O75460
EP0004464,O75461
EP0004467,O75469
EP0004469,O75475
EP0004477,O75496
EP0004488,O75531
EP0004489,O75533
EP0004492,O75553
EP0004502,O75581
EP0004503,O75582
EP0004505,O75592
EP0004512,O75604
EP0004516,O75616
EP0004519,O75628
EP0004529,O75674
EP0004530,O75676
EP0004535,O75688
EP0004536,O75689
EP0004544,O75716
EP0004551,O75762
EP0004569,O75822
EP0004589,O75886
EP0004607,O75925
EP0004614,O75943
EP0004618,O75952
EP0004620,O75955
EP0004622,O75962
EP0004639,O76021
EP0004645,O76039
EP0004648,O76054
EP0004649,O76061
EP0004652,O76070
EP0004654,O76074
EP0004662,O76090
EP0005675,O94761
EP0005676,O94762
EP0005677,O94763
EP0005682,O94776
EP0005685,O94782
EP0005687,O94804
EP0005689,O94806
EP0005690,O94808
EP0005692,O94811
EP0005717,O94880
EP0005726,O94901
EP0005733,O94913
EP0005735,O94916
EP0005745,O94953
EP0005760,O94992
EP0005775,O95071
EP0005787,O95140
EP0005805,O95180
EP0005815,O95202
EP0005819,O95218
EP0005826,O95235
EP0005829,O95238
EP0005830,O95239
EP0005831,O95243
EP0005834,O95251
EP0005842,O95267
EP0005843,O95271
EP0005846,O95278
EP0005850,O95295
EP0005851,O95297
EP0005872,O95382
EP0005891,O95425
EP0005895,O95433
EP0005900,O95453
EP0005908,O95471
EP0005912,O95477
EP0005928,O95551
EP0005936,O95600
EP0005938,O95613
EP0005942,O95625
EP0005949,O95644
EP0005962,O95707
EP0005968,O95721
EP0005972,O95747
EP0005986,O95785
EP0005987,O95786
EP0005996,O95816
EP0005997,O95817
EP0006005,O95835
EP0006016,O95863
EP0006029,O95905
EP0006051,O95983
EP0006058,O95997
EP0006060,O95999
EP0006062,O96001
EP0006064,O96004
EP0006071,O96013
EP0006074,O96017
EP0006075,O96018
EP0006079,O96028
EP0006249,P00338
EP0006279,P00439
EP0006280,P00441
EP0006301,P00519
EP0006306,P00533
EP0006311,P00558
EP0006332,P00736
EP0006340,P00749
EP0006407,P01100
EP0006410,P01106
EP0006412,P01111
EP0006413,P01112
EP0090240,P01116-2
EP0006439,P01236
EP0006460,P01350
EP0006462,P01375
EP0006480,P01589
EP0006519,P01730
EP0006575,P01889
EP0006576,P01891
EP0006643,P02511
EP0006655,P02545
EP0006679,P02649
EP0006692,P02671
EP0006699,P02686
EP0006710,P02730
EP0006736,P02786
EP0006748,P02810
EP0006766,P03372
EP0006816,P04004
EP0006817,P04035
EP0006820,P04040
EP0006823,P04049
EP0006835,P04083
EP0006849,P04150
EP0006850,P04156
EP0006860,P04179
EP0006864,P04183
EP0006870,P04198
EP0006906,P04406
EP0006915,P04439
EP0006932,P04626
EP0006935,P04629
EP0006939,P04637
EP0006967,P04792
EP0006979,P04818
EP0006988,P04899
EP0007023,P05023
EP0007036,P05067
EP0007041,P05091
EP0007042,P05093
EP0007045,P05106
EP0007046,P05107
EP0007052,P05114
EP0007082,P05198
EP0007085,P05204
EP0007112,P05387
EP0007116,P05412
EP0007124,P05455
EP0007139,P05549
EP0007143,P05556
EP0007177,P05771
EP0090313,P05771-2
EP0007178,P05783
EP0007181,P05787
EP0007209,P06127
EP0007221,P06213
EP0007223,P06239
EP0007225,P06241
EP0007246,P06396
EP0007248,P06400
EP0007249,P06401
EP0007250,P06454
EP0007251,P06493
EP0007277,P06702
EP0007283,P06730
EP0007286,P06733
EP0007288,P06737
EP0007290,P06744
EP0007293,P06748
EP0007342,P06899
EP0007353,P07101
EP0090333,P07101-3
EP0090334,P07101-4
EP0007373,P07196
EP0007377,P07203
EP0007426,P07307
EP0007436,P07332
EP0007437,P07333
EP0007444,P07355
EP0007453,P07384
EP0007456,P07437
EP0007472,P07550
EP0007499,P07737
EP0007510,P07766
EP0007516,P07814
EP0007533,P07900
EP0007538,P07910
EP0007547,P07947
EP0007548,P07948
EP0007549,P07949
EP0007550,P07951
EP0007552,P07954
EP0007569,P08034
EP0007573,P08047
EP0007579,P08069
EP0007587,P08100
EP0007601,P08138
EP0007602,P08151
EP0007609,P08172
EP0007614,P08183
EP0007616,P08195
EP0007622,P08235
EP0007624,P08237
EP0007625,P08238
EP0007631,P08253
EP0007658,P08473
EP0007680,P08559
EP0007682,P08567
EP0007687,P08575
EP0007689,P08581
EP0007691,P08588
EP0007697,P08621
EP0007699,P08631
EP0007709,P08670
EP0007714,P08684
EP0007722,P08727
EP0007738,P08833
EP0007753,P08913
EP0007786,P09038
EP0007824,P09211
EP0007841,P09327
EP0007851,P09417
EP0007863,P09467
EP0007871,P09493
EP0007874,P09497
EP0007882,P09543
EP0007889,P09601
EP0007895,P09619
EP0007897,P09622
EP0007902,P09629
EP0007908,P09651
EP0007917,P09693
EP0007922,P09758
EP0007925,P09769
EP0007936,P09874
EP0007944,P09917
EP0007956,P09958
EP0007981,P0C0S8
EP0008016,P0C1Z6
EP0008612,P0DMV8
EP0008642,P0DP23
EP0008670,P10071
EP0008704,P10242
EP0008705,P10243
EP0008706,P10244
EP0008711,P10275
EP0008712,P10276
EP0008717,P10301
EP0008729,P10398
EP0008732,P10412
EP0008733,P10415
EP0008746,P10586
EP0008747,P10588
EP0008751,P10599
EP0008770,P10636
EP0090411,P10636-8
EP0008774,P10644
EP0008776,P10646
EP0008795,P10721
EP0008800,P10747
EP0008825,P10828
EP0008844,P10912
EP0008845,P10914
EP0008847,P10916
EP0008867,P11021
EP0008872,P11047
EP0008885,P11137
EP0008899,P11168
EP0008901,P11171
EP0090426,P11171-4
EP0008907,P11216
EP0008908,P11217
EP0008913,P11233
EP0008914,P11234
EP0008921,P11274
EP0008926,P11308
EP0008936,P11362
EP0008941,P11387
EP0008942,P11388
EP0008946,P11413
EP0008958,P11473
EP0008963,P11488
EP0008975,P11511
EP0009014,P11717
EP0009026,P11802
EP0009029,P11831
EP0009032,P11836
EP0009042,P11908
EP0009044,P11912
EP0009069,P12004
EP0009078,P12036
EP0009089,P12235
EP0009094,P12259
EP0009097,P12268
EP0009099,P12270
EP0009101,P12272
EP0009109,P12318
EP0009137,P12524
EP0009174,P12755
EP0009186,P12814
EP0009188,P12821
EP0009190,P12830
EP0009211,P12931
EP0009218,P12956
EP0009227,P12980
EP0009231,P13010
EP0009238,P13051
EP0009263,P13224
EP0009276,P13349
EP0009300,P13473
EP0009306,P13498
EP0009317,P13569
EP0009331,P13612
EP0009333,P13631
EP0009337,P13639
EP0009355,P13688
EP0090489,P13688-8
EP0009356,P13693
EP0009367,P13726
EP0009377,P13796
EP0009383,P13807
EP0009391,P13861
EP0009427,P14136
EP0009464,P14317
EP0009478,P14410
EP0009480,P14416
EP0009497,P14598
EP0009504,P14618
EP0009506,P14625
EP0009508,P14635
EP0009523,P14672
EP0009525,P14679
EP0009551,P14784
EP0009563,P14859
EP0009564,P14866
EP0009579,P14921
EP0009581,P14923
EP0009588,P15036
EP0009590,P15056
EP0009601,P15090
EP0009617,P15172
EP0009633,P15260
EP0009645,P15311
EP0009652,P15336
EP0009660,P15374
EP0009664,P15382
EP0009672,P15391
EP0009676,P15407
EP0009693,P15498
EP0009702,P15529
EP0090526,P15529-4
EP0009704,P15531
EP0009748,P15822
EP0009757,P15884
EP0009764,P15923
EP0009765,P15924
EP0009766,P15927
EP0009768,P15941
EP0009777,P15976
EP0009794,P16066
EP0009796,P16070
EP0009801,P16104
EP0009810,P16144
EP0009811,P16150
EP0009822,P16220
EP0009825,P16234
EP0009836,P16284
EP0009848,P16333
EP0009865,P16401
EP0009867,P16403
EP0009870,P16410
EP0009879,P16452
EP0009901,P16591
EP0009906,P16615
EP0009918,P16662
EP0009920,P16671
EP0009932,P16885
EP0009938,P16949
EP0009945,P16989
EP0009982,P17096
EP0090602,P17096-2
EP0010000,P17181
EP0010008,P17252
EP0010012,P17275
EP0010014,P17301
EP0010015,P17302
EP0010024,P17405
EP0010038,P17480
EP0010043,P17509
EP0010047,P17535
EP0010051,P17542
EP0010052,P17544
EP0010062,P17600
EP0010066,P17612
EP0010072,P17655
EP0010075,P17661
EP0010077,P17676
EP0010078,P17677
EP0010084,P17706
EP0010096,P17752
EP0010104,P17812
EP0010105,P17813
EP0010107,P17844
EP0010108,P17858
EP0010109,P17861
EP0010121,P17931
EP0010123,P17936
EP0010126,P17948
EP0010135,P18031
EP0010144,P18084
EP0010157,P18146
EP0010167,P18206
EP0010204,P18433
EP0010224,P18505
EP0010226,P18507
EP0010237,P18545
EP0010253,P18615
EP0010264,P18669
EP0010266,P18754
EP0010275,P18827
EP0010277,P18846
EP0010279,P18848
EP0010280,P18850
EP0010283,P18858
EP0010290,P18887
EP0010307,P19021
EP0010308,P19022
EP0010314,P19086
EP0010321,P19105
EP0010338,P19174
EP0010350,P19235
EP0010364,P19338
EP0010371,P19367
EP0010374,P19404
EP0010376,P19419
EP0010378,P19429
EP0010380,P19438
EP0010382,P19447
EP0010388,P19484
EP0010397,P19525
EP0010404,P19544
EP0090658,P19544-7
EP0010417,P19634
EP0010433,P19793
EP0010444,P19838
EP0010446,P19878
EP0010465,P20020
EP0010471,P20042
EP0010498,P20138
EP0010516,P20248
EP0010519,P20265
EP0010536,P20338
EP0010537,P20339
EP0010546,P20393
EP0010602,P20700
EP0010610,P20749
EP0010625,P20794
EP0010630,P20810
EP0010637,P20823
EP0010650,P20916
EP0010657,P20936
EP0010659,P20941
EP0010663,P20963
EP0010669,P21127
EP0010705,P21333
EP0010713,P21397
EP0010714,P21399
EP0010720,P21453
EP0010721,P21462
EP0010765,P21673
EP0010766,P21675
EP0010777,P21730
EP0010778,P21731
EP0090715,P21731-2
EP0010790,P21796
EP0010792,P21802
EP0010799,P21817
EP0010829,P21980
EP0010833,P22001
EP0010844,P22059
EP0010894,P22234
EP0010910,P22314
EP0010921,P22392
EP0010923,P22415
EP0010928,P22455
EP0010929,P22459
EP0010930,P22460
EP0010952,P22607
EP0010954,P22626
EP0010957,P22670
EP0010958,P22674
EP0010961,P22681
EP0010978,P22736
EP0011027,P23025
EP0011053,P23246
EP0011060,P23258
EP0011073,P23327
EP0011089,P23396
EP0011098,P23443
EP0011101,P23458
EP0011124,P23527
EP0011125,P23528
EP0011127,P23560
EP0011136,P23588
EP0011149,P23634
EP0011160,P23677
EP0011171,P23743
EP0011175,P23760
EP0011179,P23769
EP0011180,P23771
EP0011211,P23975
EP0011223,P24046
EP0011256,P24385
EP0011259,P24390
EP0011282,P24534
EP0011289,P24588
EP0011301,P24666
EP0011307,P24723
EP0011308,P24752
EP0011321,P24844
EP0011325,P24864
EP0011334,P24928
EP0011335,P24941
EP0011354,P25054
EP0011365,P25098
EP0011388,P25205
EP0011474,P25490
EP0011532,P25685
EP0011533,P25686
EP0011548,P25788
EP0011582,P25963
EP0011589,P26010
EP0011596,P26038
EP0011603,P26045
EP0011638,P26358
EP0011641,P26367
EP0011642,P26368
EP0011645,P26373
EP0011669,P26599
EP0011678,P26651
EP0011681,P26678
EP0011720,P27105
EP0011737,P27348
EP0011740,P27361
EP0090816,P27361-3
EP0011745,P27448
EP0090818,P27448-3
EP0011762,P27540
EP0011778,P27635
EP0011800,P27695
EP0011806,P27707
EP0011807,P27708
EP0011828,P27815
EP0011829,P27816
EP0011830,P27824
EP0011844,P27986
EP0011905,P28289
EP0011913,P28324
EP0011917,P28329
EP0011941,P28482
EP0011950,P28562
EP0012002,P28749
EP0012013,P28799
EP0012070,P29317
EP0012072,P29320
EP0012074,P29322
EP0012075,P29323
EP0012080,P29350
EP0012083,P29353
EP0012089,P29374
EP0012090,P29375
EP0012101,P29401
EP0012119,P29466
EP0012124,P29474
EP0012125,P29475
EP0012152,P29590
EP0090869,P29590-4
EP0012155,P29597
EP0012164,P29692
EP0012179,P29803
EP0012187,P29966
EP0012188,P29972
EP0012200,P30041
EP0012208,P30050
EP0012215,P30086
EP0012217,P30101
EP0012229,P30203
EP0012231,P30260
EP0012233,P30273
EP0012236,P30279
EP0012238,P30281
EP0012243,P30291
EP0012245,P30301
EP0012247,P30304
EP0012248,P30305
EP0012250,P30307
EP0012257,P30405
EP0012258,P30411
EP0012264,P30419
EP0012268,P30443
EP0012305,P30518
EP0012306,P30519
EP0012309,P30530
EP0012321,P30556
EP0012335,P30622
EP0012338,P30626
EP0012355,P30679
EP0012382,P30874
EP0012411,P31040
EP0012423,P31152
EP0012446,P31270
EP0012460,P31323
EP0012465,P31350
EP0012502,P31431
EP0012515,P31645
EP0012534,P31749
EP0012536,P31751
EP0012547,P31939
EP0012550,P31943
EP0012552,P31946
EP0012553,P31947
EP0012557,P31994
EP0012558,P31995
EP0012561,P32004
EP0012580,P32121
EP0012599,P32245
EP0012602,P32248
EP0012615,P32298
EP0012622,P32314
EP0012629,P32322
EP0012898,P32927
EP0012899,P32929
EP0012901,P32942
EP0012912,P33076
EP0012919,P33151
EP0012935,P33241
EP0012964,P33316
EP0090920,P33316-2
EP0013000,P33527
EP0013030,P33778
EP0013039,P33981
EP0013040,P33991
EP0013041,P33992
EP0013042,P33993
EP0013272,P34741
EP0013311,P34947
EP0013381,P35221
EP0013382,P35222
EP0013383,P35226
EP0013385,P35228
EP0013386,P35232
EP0013390,P35236
EP0013392,P35240
EP0013393,P35241
EP0013400,P35251
EP0013402,P35269
EP0013403,P35270
EP0013434,P35354
EP0013438,P35367
EP0013439,P35368
EP0013441,P35372
EP0013448,P35398
EP0013451,P35408
EP0013492,P35520
EP0013500,P35548
EP0013513,P35568
EP0013519,P35579
EP0013520,P35580
EP0013532,P35611
EP0013533,P35612
EP0013538,P35637
EP0013539,P35638
EP0013541,P35658
EP0013542,P35659
EP0013581,P35790
EP0013596,P35869
EP0013597,P35900
EP0013601,P35916
EP0013608,P35968
EP0013774,P36382
EP0013794,P36507
EP0013808,P36542
EP0013810,P36544
EP0013856,P36871
EP0013857,P36873
EP0013861,P36888
EP0013865,P36897
EP0013872,P36955
EP0013873,P36956
EP0013899,P37173
EP0013907,P37231
EP0013940,P37802
EP0013948,P37840
EP0014027,P38159
EP0014166,P38398
EP0014176,P38432
EP0014214,P38646
EP0014409,P38919
EP0014421,P38936
EP0014466,P39019
EP0014542,P39687
EP0014576,P39748
EP0014584,P39880
EP0014755,P40189
EP0014788,P40259
EP0014812,P40337
EP0014868,P40429
EP0014990,P40692
EP0014995,P40763
EP0015003,P40818
EP0015066,P41002
EP0015078,P41091
EP0015087,P41134
EP0015091,P41143
EP0015092,P41145
EP0015093,P41146
EP0015100,P41161
EP0015104,P41180
EP0015105,P41181
EP0015106,P41182
EP0015108,P41208
EP0015110,P41212
EP0015116,P41220
EP0015129,P41235
EP0015130,P41236
EP0015132,P41240
EP0015146,P41279
EP0015183,P41594
EP0015185,P41597
EP0015195,P41743
EP0015261,P41970
EP0015280,P42166
EP0015290,P42224
EP0015292,P42226
EP0015295,P42229
EP0015299,P42261
EP0015300,P42262
EP0015311,P42338
EP0015312,P42345
EP0015327,P42566
EP0015333,P42574
EP0015334,P42575
EP0015348,P42677
EP0015350,P42680
EP0015351,P42681
EP0015354,P42684
EP0015363,P42702
EP0015382,P42768
EP0015383,P42771
EP0015415,P42858
EP0015422,P42892
EP0091060,P42892-3
EP0015424,P42898
EP0015447,P43003
EP0015470,P43119
EP0015491,P43243
EP0015494,P43246
EP0015498,P43250
EP0015525,P43307
EP0015532,P43351
EP0015535,P43354
EP0015545,P43364
EP0015550,P43403
EP0015552,P43405
EP0015631,P43629
EP0015646,P43686
EP0015649,P43694
EP0015657,P45379
EP0015690,P45973
EP0015695,P45983
EP0091089,P45983-3
EP0015696,P45984
EP0015697,P45985
EP0015700,P46013
EP0015703,P46020
EP0015705,P46060
EP0015723,P46108
EP0015724,P46109
EP0015745,P46379
EP0015754,P46459
EP0015764,P46527
EP0015765,P46531
EP0015822,P46695
EP0015825,P46734
EP0015832,P46778
EP0015836,P46783
EP0015854,P46937
EP0015856,P46939
EP0015857,P46940
EP0016053,P47712
EP0016057,P47736
EP0016106,P47870
EP0016162,P47989
EP0016185,P48048
EP0016186,P48050
EP0016190,P48058
EP0016212,P48167
EP0016220,P48200
EP0016264,P48426
EP0016269,P48436
EP0016306,P48544
EP0016311,P48549
EP0016350,P48634
EP0016361,P48681
EP0016368,P48729
EP0016373,P48736
EP0016380,P48751
EP0016386,P48764
EP0016419,P49005
EP0016420,P49006
EP0016424,P49023
EP0091156,P49023-2
EP0016449,P49116
EP0016455,P49137
EP0016492,P49279
EP0091169,P49321-2
EP0016526,P49407
EP0016529,P49418
EP0016531,P49427
EP0016542,P49450
EP0016544,P49454
EP0016547,P49459
EP0016583,P49674
EP0016584,P49675
EP0016588,P49685
EP0016602,P49715
EP0016603,P49716
EP0016613,P49736
EP0016625,P49757
EP0016628,P49760
EP0016629,P49761
EP0016634,P49768
EP0016643,P49789
EP0016644,P49790
EP0016646,P49792
EP0016648,P49795
EP0016652,P49802
EP0016658,P49810
EP0016660,P49815
EP0016664,P49840
EP0016665,P49841
EP0016687,P49915
EP0016688,P49916
EP0016689,P49917
EP0016690,P49918
EP0016698,P49959
EP0016775,P50281
EP0016793,P50402
EP0016820,P50502
EP0016839,P50542
EP0016843,P50548
EP0016844,P50549
EP0016845,P50552
EP0016847,P50570
EP0016862,P50613
EP0016864,P50616
EP0016876,P50750
EP0016886,P50895
EP0016908,P51114
EP0016931,P51170
EP0016939,P51397
EP0016940,P51398
EP0016960,P51452
EP0016974,P51532
EP0016991,P51587
EP0016999,P51608
EP0017002,P51617
EP0017004,P51636
EP0017009,P51649
EP0017022,P51674
EP0017027,P51681
EP0017037,P51692
EP0017042,P51787
EP0017044,P51790
EP0017059,P51809
EP0017061,P51811
EP0017062,P51812
EP0017063,P51813
EP0017106,P51911
EP0017113,P51946
EP0017118,P51955
EP0017119,P51956
EP0017143,P52179
EP0017154,P52272
EP0017157,P52292
EP0017159,P52294
EP0017167,P52333
EP0017189,P52564
EP0017190,P52565
EP0017191,P52566
EP0017202,P52630
EP0017209,P52655
EP0017214,P52732
EP0017216,P52735
EP0017229,P52757
EP0017236,P52789
EP0017244,P52799
EP0017269,P52888
EP0017279,P52907
EP0017291,P52926
EP0017293,P52943
EP0017295,P52945
EP0017298,P52948
EP0017301,P52952
EP0017307,P53004
EP0017325,P53041
EP0017523,P53350
EP0017525,P53355
EP0017526,P53365
EP0017527,P53367
EP0017537,P53396
EP0017554,P53539
EP0017595,P53667
EP0017599,P53671
EP0017662,P53778
EP0017663,P53779
EP0017671,P53801
EP0017672,P53804
EP0017673,P53805
EP0017805,P53999
EP0017828,P54132
EP0017832,P54198
EP0017840,P54252
EP0017841,P54253
EP0017846,P54259
EP0017849,P54274
EP0017862,P54296
EP0017886,P54578
EP0017895,P54646
EP0017938,P54753
EP0017947,P54762
EP0017949,P54764
EP0017975,P54829
EP0018019,P55010
EP0018020,P55011
EP0018024,P55017
EP0018028,P55039
EP0018029,P55040
EP0018031,P55042
EP0018036,P55055
EP0018041,P55064
EP0018045,P55072
EP0018048,P55081
EP0018054,P55087
EP0018076,P55196
EP0018079,P55199
EP0018085,P55210
EP0018086,P55211
EP0018087,P55212
EP0018105,P55273
EP0018120,P55316
EP0018121,P55317
EP0018124,P55327
EP0018137,P55795
EP0018157,P55895
EP0018163,P55957
EP0018177,P56192
EP0018186,P56270
EP0018237,P56524
EP0018239,P56537
EP0018242,P56545
EP0018312,P56817
EP0018328,P56945
EP0018331,P56962
EP0018336,P57053
EP0018340,P57059
EP0018362,P57682
EP0018375,P57737
EP0018377,P57740
EP0018410,P58012
EP0018488,P58753
EP0018501,P58876
EP0018670,P60484
EP0018720,P60880
EP0018723,P60891
EP0018734,P60953
EP0018736,P60981
EP0018738,P60983
EP0018749,P61020
EP0018758,P61073
EP0018777,P61160
EP0018795,P61218
EP0018799,P61224
EP0018805,P61244
EP0018815,P61289
EP0018858,P61586
EP0018859,P61587
EP0018877,P61764
EP0018900,P61925
EP0018921,P61978
EP0018924,P61981
EP0018932,P62070
EP0018945,P62136
EP0018957,P62195
EP0018971,P62258
EP0018989,P62280
EP0019008,P62324
EP0019028,P62491
EP0019067,P62745
EP0019075,P62753
EP0019086,P62805
EP0019088,P62807
EP0019095,P62820
EP0019099,P62826
EP0019106,P62834
EP0019112,P62841
EP0019160,P62913
EP0019164,P62917
EP0019188,P62993
EP0019193,P63000
EP0019201,P63010
EP0019258,P63104
EP0019290,P63167
EP0019306,P63244
EP0019312,P63252
EP0019325,P63279
EP0019347,P67775
EP0019351,P67809
EP0019354,P67870
EP0019372,P68104
EP0019389,P68363
EP0019390,P68366
EP0019397,P68400
EP0019401,P68431
EP0019645,P78314
EP0019647,P78317
EP0019649,P78324
EP0019657,P78344
EP0019660,P78347
EP0091465,P78347-2
EP0019661,P78348
EP0019662,P78352
EP0019663,P78356
EP0019666,P78362
EP0019672,P78371
EP0019696,P78527
EP0019697,P78536
EP0019701,P78543
EP0019702,P78545
EP0019708,P78563
EP0019793,P80192
EP0019859,P81274
EP0019923,P82970
EP0019982,P83916
EP0019989,P84022
EP0020008,P84090
EP0020013,P84098
EP0020026,P84243
EP0020049,P85298
EP0020050,P85299
EP0020700,P98082
EP0020716,P98161
EP0020722,P98170
EP0020728,P98177
EP0020729,P98179
EP0020755,Q00059
EP0020758,Q00169
EP0020772,Q00341
EP0020793,Q00534
EP0020794,Q00535
EP0020795,Q00536
EP0020808,Q00610
EP0020810,Q00613
EP0020817,Q00653
EP0020841,Q00839
EP0020877,Q00987
EP0020985,Q01082
EP0020987,Q01094
EP0092589,Q01105-2
EP0021012,Q01130
EP0021019,Q01167
EP0021022,Q01196
EP0021032,Q01201
EP0021109,Q01534
EP0021110,Q01538
EP0021111,Q01543
EP0021115,Q01581
EP0021146,Q01628
EP0021201,Q01814
EP0021206,Q01831
EP0021208,Q01844
EP0021216,Q01860
EP0021219,Q01892
EP0021237,Q01954
EP0021238,Q01955
EP0021239,Q01959
EP0021242,Q01970
EP0021248,Q01995
EP0021390,Q02078
EP0021403,Q02153
EP0021404,Q02156
EP0021422,Q02224
EP0021423,Q02241
EP0021451,Q02363
EP0021464,Q02447
EP0021478,Q02535
EP0021479,Q02539
EP0021511,Q02750
EP0021515,Q02763
EP0021531,Q02790
EP0021559,Q02880
EP0021579,Q02952
EP0021600,Q03014
EP0021614,Q03060
EP0021627,Q03111
EP0021628,Q03112
EP0021633,Q03135
EP0021648,Q03164
EP0021649,Q03167
EP0021678,Q03252
EP0021721,Q03393
EP0021734,Q03431
EP0021742,Q03468
EP0021816,Q03721
EP0021926,Q04206
EP0021949,Q04323
EP0022015,Q04637
EP0022019,Q04656
EP0022039,Q04721
EP0022040,Q04724
EP0022061,Q04759
EP0022062,Q04760
EP0022080,Q04837
EP0022088,Q04864
EP0022105,Q04912
EP0022106,Q04917
EP0022167,Q05193
EP0022168,Q05195
EP0022170,Q05209
EP0022179,Q05397
EP0022185,Q05469
EP0022192,Q05513
EP0022194,Q05516
EP0022196,Q05519
EP0022206,Q05586
EP0022213,Q05639
EP0022215,Q05655
EP0022218,Q05682
EP0022285,Q05940
EP0022358,Q06124
EP0022393,Q06187
EP0022404,Q06210
EP0093440,Q06210-2
EP0022422,Q06265
EP0022433,Q06330
EP0022457,Q06413
EP0022470,Q06481
EP0022513,Q06609
EP0022566,Q06787
EP0022578,Q06830
EP0022660,Q07343
EP0022664,Q07352
EP0022714,Q07617
EP0022727,Q07666
EP0022748,Q07812
EP0022751,Q07817
EP0022752,Q07820
EP0022764,Q07866
EP0022765,Q07869
EP0022770,Q07889
EP0022777,Q07912
EP0022790,Q07954
EP0022791,Q07955
EP0022817,Q08050
EP0022890,Q08289
EP0022896,Q08345
EP0022904,Q08379
EP0022938,Q08495
EP0091749,Q08499-2
EP0023021,Q08881
EP0023042,Q08945
EP0023072,Q08999
EP0023079,Q08AD1
EP0023135,Q08J23
EP0023155,Q09161
EP0023238,Q09470
EP0023239,Q09472
EP0023286,Q09666
EP0024366,Q0VD86
EP0025655,Q12772
EP0025657,Q12778
EP0025659,Q12789
EP0025660,Q12791
EP0025665,Q12798
EP0025667,Q12800
EP0025668,Q12802
EP0025670,Q12809
EP0025676,Q12834
EP0025688,Q12866
EP0025693,Q12879
EP0025697,Q12888
EP0025704,Q12904
EP0025706,Q12906
EP0025710,Q12913
EP0025715,Q12931
EP0025716,Q12933
EP0025720,Q12948
EP0025725,Q12959
EP0025729,Q12968
EP0025730,Q12972
EP0025741,Q13002
EP0025744,Q13009
EP0025747,Q13017
EP0025753,Q13042
EP0025754,Q13043
EP0025755,Q13045
EP0025769,Q13085
EP0025772,Q13094
EP0025773,Q13098
EP0025778,Q13107
EP0025782,Q13114
EP0025785,Q13118
EP0025790,Q13131
EP0025791,Q13133
EP0025792,Q13136
EP0025794,Q13144
EP0025796,Q13148
EP0025797,Q13151
EP0025798,Q13153
EP0025799,Q13155
EP0025800,Q13158
EP0025802,Q13163
EP0025803,Q13164
EP0025804,Q13177
EP0025806,Q13185
EP0025807,Q13188
EP0025809,Q13191
EP0025820,Q13224
EP0025825,Q13233
EP0025829,Q13242
EP0025833,Q13255
EP0025834,Q13257
EP0025836,Q13261
EP0025837,Q13263
EP0025842,Q13283
EP0025843,Q13285
EP0025846,Q13291
EP0025848,Q13303
EP0025851,Q13309
EP0025853,Q13315
EP0025856,Q13322
EP0025857,Q13323
EP0025861,Q13330
EP0025867,Q13351
EP0025868,Q13352
EP0025872,Q13362
EP0025873,Q13363
EP0025876,Q13370
EP0025877,Q13371
EP0025879,Q13393
EP0025889,Q13415
EP0025890,Q13416
EP0025891,Q13418
EP0025893,Q13422
EP0025895,Q13424
EP0025897,Q13426
EP0025899,Q13428
EP0025903,Q13435
EP0025905,Q13439
EP0025908,Q13444
EP0025919,Q13470
EP0025924,Q13480
EP0025925,Q13485
EP0025933,Q13501
EP0025937,Q13507
EP0095653,Q13507-3
EP0025939,Q13509
EP0025945,Q13522
EP0025947,Q13526
EP0025949,Q13535
EP0025951,Q13541
EP0025953,Q13546
EP0025954,Q13547
EP0025955,Q13554
EP0025956,Q13555
EP0025957,Q13557
EP0025960,Q13563
EP0025962,Q13568
EP0025966,Q13573
EP0025967,Q13574
EP0025968,Q13576
EP0025970,Q13586
EP0025982,Q13614
EP0025989,Q13621
EP0025990,Q13625
EP0025991,Q13627
EP0092529,Q13642-1
EP0026001,Q13651
EP0026003,Q13671
EP0026016,Q13761
EP0026017,Q13765
EP0026018,Q13769
EP0026021,Q13794
EP0026025,Q13813
EP0026029,Q13829
EP0026036,Q13882
EP0026040,Q13887
EP0026045,Q13905
EP0026046,Q13907
EP0026047,Q13936
EP0026052,Q13950
EP0026056,Q13972
EP0026057,Q13976
EP0093045,Q13976-2
EP0026060,Q14004
EP0026061,Q14005
EP0026064,Q14012
EP0026075,Q14103
EP0026082,Q14118
EP0026087,Q14134
EP0026094,Q14145
EP0026102,Q14155
EP0026104,Q14157
EP0026106,Q14160
EP0026107,Q14161
EP0026109,Q14164
EP0026117,Q14186
EP0026120,Q14191
EP0026122,Q14194
EP0026123,Q14195
EP0026126,Q14202
EP0026127,Q14203
EP0026130,Q14207
EP0026139,Q14244
EP0026141,Q14247
EP0026143,Q14254
EP0026147,Q14289
EP0026150,Q14315
EP0026157,Q14344
EP0026168,Q14432
EP0026174,Q14451
EP0026175,Q14457
EP0026176,Q14469
EP0026177,Q14493
EP0026178,Q14494
EP0026179,Q14498
EP0026180,Q14500
EP0026182,Q14511
EP0026187,Q14524
EP0026224,Q14643
EP0026227,Q14653
EP0026228,Q14654
EP0026231,Q14669
EP0026233,Q14674
EP0026234,Q14676
EP0026238,Q14680
EP0026240,Q14683
EP0026242,Q14686
EP0026249,Q14694
EP0026256,Q14721
EP0026259,Q14738
EP0026260,Q14739
EP0026262,Q14749
EP0026265,Q14765
EP0026272,Q14790
EP0026284,Q14807
EP0026285,Q14814
EP0026289,Q14839
EP0026290,Q14847
EP0026296,Q14896
EP0026314,Q14934
EP0026316,Q14940
EP0026324,Q14966
EP0026327,Q14978
EP0026328,Q14980
EP0026332,Q14994
EP0026390,Q14C86
EP0026392,Q14CB8
EP0026399,Q14CS0
EP0026418,Q15003
EP0026429,Q15019
EP0026432,Q15022
EP0026435,Q15027
EP0026441,Q15036
EP0026446,Q15046
EP0026447,Q15047
EP0026452,Q15052
EP0026454,Q15054
EP0026457,Q15058
EP0026464,Q15075
EP0026466,Q15078
EP0026467,Q15080
EP0026468,Q15084
EP0026470,Q15109
EP0026474,Q15118
EP0026477,Q15121
EP0026482,Q15139
EP0026484,Q15149
EP0026485,Q15154
EP0026489,Q15170
EP0026490,Q15172
EP0026493,Q15185
EP0026496,Q15208
EP0026500,Q15256
EP0026506,Q15276
EP0026509,Q15287
EP0026510,Q15291
EP0026512,Q15303
EP0026514,Q15311
EP0026522,Q15349
EP0026525,Q15365
EP0026530,Q15382
EP0026539,Q15398
EP0026545,Q15417
EP0026546,Q15418
EP0026552,Q15435
EP0026553,Q15436
EP0026555,Q15438
EP0026559,Q15466
EP0026560,Q15468
EP0026574,Q15545
EP0026576,Q15554
EP0026577,Q15555
EP0026581,Q15569
EP0026586,Q15596
EP0026587,Q15599
EP0026588,Q155Q3
EP0026601,Q15633
EP0026602,Q15637
EP0026607,Q15648
EP0026612,Q15653
EP0026613,Q15654
EP0026616,Q15672
EP0026618,Q15691
EP0026623,Q15700
EP0026625,Q15717
EP0026626,Q15722
EP0026633,Q15744
EP0026634,Q15746
EP0026635,Q15750
EP0026638,Q15759
EP0026641,Q15762
EP0026651,Q15788
EP0026652,Q15796
EP0026653,Q15797
EP0026657,Q15813
EP0026664,Q15831
EP0096090,Q15831-2
EP0026665,Q15833
EP0026667,Q15835
EP0026675,Q15853
EP0026676,Q15858
EP0026680,Q15906
EP0026682,Q15910
EP0026691,Q15942
EP0026701,Q16143
EP0026702,Q16181
EP0026704,Q16204
EP0026705,Q16206
EP0026707,Q16236
EP0026708,Q16254
EP0026726,Q16512
EP0026727,Q16513
EP0026735,Q16531
EP0026740,Q16539
EP0026742,Q16543
EP0026747,Q16555
EP0026750,Q16559
EP0026753,Q16566
EP0026759,Q16584
EP0026765,Q16595
EP0026770,Q16611
EP0026771,Q16612
EP0026772,Q16613
EP0026774,Q16620
EP0026775,Q16621
EP0026776,Q16623
EP0026777,Q16625
EP0026783,Q16637
EP0026784,Q16643
EP0026792,Q16656
EP0026793,Q16658
EP0026794,Q16659
EP0026796,Q16665
EP0026797,Q16666
EP0026804,Q16690
EP0026805,Q16695
EP0026814,Q16760
EP0026816,Q16763
EP0026823,Q16778
EP0026825,Q16790
EP0026829,Q16816
EP0026831,Q16820
EP0026832,Q16821
EP0026836,Q16828
EP0026839,Q16832
EP0026848,Q16873
EP0026849,Q16875
EP0026855,Q16891
EP0028776,Q27J81
EP0029046,Q2M1Z3
EP0029057,Q2M2I8
EP0029061,Q2M2Z5
EP0029103,Q2NKX8
EP0029109,Q2NL82
EP0029125,Q2PPJ7
EP0029669,Q32P44
EP0030279,Q38SD2
EP0030599,Q3KR16
EP0031683,Q3V6T2
EP0032061,Q49MG5
EP0032358,Q4G163
EP0032803,Q4VCS5
EP0034751,Q52LA3
EP0034777,Q53EL6
EP0034781,Q53ET0
EP0034784,Q53EZ4
EP0034785,Q53F19
EP0034801,Q53GL7
EP0034807,Q53H47
EP0034810,Q53H80
EP0034817,Q53HL2
EP0034889,Q53SF7
EP0040607,Q5FBB7
EP0040996,Q5JQC9
EP0041035,Q5JSZ5
EP0041047,Q5JTH9
EP0041051,Q5JTV8
EP0041055,Q5JTZ9
EP0041080,Q5JVS0
EP0041099,Q5JXC2
EP0041605,Q5QNW6
EP0041750,Q5S007
EP0041829,Q5SQI0
EP0041851,Q5SRQ6
EP0042085,Q5T447
EP0042098,Q5T4S7
EP0042119,Q5T5U3
EP0042121,Q5T5Y3
EP0042165,Q5T7P8
EP0042179,Q5T8P6
EP0042212,Q5TB30
EP0042292,Q5TKA1
EP0042511,Q5UIP0
EP0042597,Q5VSY0
EP0042600,Q5VT25
EP0042624,Q5VTR2
EP0042698,Q5VWQ8
EP0043093,Q5XUX0
EP0044421,Q641Q2
EP0044956,Q676U5
EP0045096,Q684P5
EP0045144,Q68CZ2
EP0045185,Q68EM7
EP0045445,Q69YH5
EP0047382,Q6DN03
EP0047395,Q6DRA6
EP0047561,Q6FI13
EP0048991,Q6IBW4
EP0049028,Q6IE81
EP0049194,Q6J4K2
EP0049205,Q6JBY9
EP0049704,Q6NUN9
EP0049843,Q6NZI2
EP0049925,Q6P1J9
EP0049935,Q6P1N0
EP0050073,Q6P5Z2
EP0050269,Q6PCD5
EP0050307,Q6PD62
EP0050444,Q6PGQ7
EP0050464,Q6PHR2
EP0050524,Q6PKG0
EP0050646,Q6R327
EP0050752,Q6STE5
EP0050765,Q6T4R5
EP0050777,Q6TCH7
EP0050833,Q6U7Q0
EP0050838,Q6UB35
EP0096008,Q6UB98-2
EP0050853,Q6UN15
EP0050867,Q6UUV9
EP0050924,Q6UWZ7
EP0051050,Q6VY07
EP0051159,Q6Y7W6
EP0051669,Q6ZMG9
EP0051931,Q6ZUJ8
EP0052045,Q70CQ2
EP0052051,Q70E73
EP0052074,Q70Z35
EP0052083,Q712K3
EP0052096,Q71DI3
EP0052098,Q71F23
EP0052134,Q71UM5
EP0052396,Q76M96
EP0053013,Q7KZ85
EP0053014,Q7KZF4
EP0053015,Q7KZI7
EP0053019,Q7L0J3
EP0053021,Q7L0Q8
EP0053041,Q7L2Z9
EP0053060,Q7L5N1
EP0053067,Q7L7L0
EP0053069,Q7L7X3
EP0053070,Q7L804
EP0053080,Q7L9L4
EP0053086,Q7LDG7
EP0053089,Q7LG56
EP0053168,Q7RTN6
EP0055543,Q7Z2E3
EP0055554,Q7Z2W7
EP0055560,Q7Z2Z1
EP0055574,Q7Z3C6
EP0055586,Q7Z3J3
EP0055613,Q7Z417
EP0055663,Q7Z589
EP0055670,Q7Z5H3
EP0055699,Q7Z628
EP0055714,Q7Z6J0
EP0055736,Q7Z6Z7
EP0057146,Q86SG6
EP0057174,Q86T82
EP0057179,Q86TB9
EP0057186,Q86TI0
EP0057216,Q86U86
EP0057222,Q86UC2
EP0057232,Q86UE8
EP0057254,Q86UR1
EP0057289,Q86V81
EP0057292,Q86V87
EP0057295,Q86VB7
EP0057315,Q86VM9
EP0057317,Q86VP1
EP0095979,Q86VP1-2
EP0057318,Q86VP3
EP0057364,Q86WB0
EP0057385,Q86WR7
EP0057392,Q86WV1
EP0057393,Q86WV6
EP0057437,Q86XL3
EP0057449,Q86XR7
EP0057501,Q86YP4
EP0057508,Q86YS7
EP0061709,Q8IU85
EP0061723,Q8IUE6
EP0061741,Q8IUQ4
EP0061775,Q8IV61
EP0061796,Q8IVH8
EP0061806,Q8IVM0
EP0061811,Q8IVP5
EP0061816,Q8IVT2
EP0061817,Q8IVT5
EP0061831,Q8IW19
EP0061835,Q8IW41
EP0061849,Q8IWB6
EP0061872,Q8IWQ3
EP0061875,Q8IWS0
EP0061879,Q8IWU2
EP0061882,Q8IWU9
EP0061901,Q8IX01
EP0061902,Q8IX03
EP0061914,Q8IX90
EP0091567,Q8IXH7-4
EP0061927,Q8IXI2
EP0061928,Q8IXJ6
EP0061935,Q8IXM2
EP0061939,Q8IXQ3
EP0061981,Q8IY84
EP0061983,Q8IY92
EP0061991,Q8IYB3
EP0062013,Q8IYJ3
EP0062021,Q8IYM1
EP0062043,Q8IYT8
EP0062044,Q8IYU2
EP0062082,Q8IZD2
EP0062103,Q8IZL8
EP0062109,Q8IZP0
EP0062117,Q8IZQ8
EP0063324,Q8N0W4
EP0063348,Q8N122
EP0063357,Q8N137
EP0063373,Q8N163
EP0063397,Q8N1K5
EP0063418,Q8N257
EP0063419,Q8N264
EP0063448,Q8N2W9
EP0063480,Q8N3F0
EP0063481,Q8N3F8
EP0063538,Q8N4C8
EP0063557,Q8N4N8
EP0063563,Q8N4S0
EP0063573,Q8N4X5
EP0063582,Q8N556
EP0063591,Q8N5B7
EP0063595,Q8N5C8
EP0063621,Q8N5S9
EP0063644,Q8N680
EP0063659,Q8N6F7
EP0063692,Q8N6T7
EP0063701,Q8N726
EP0063852,Q8N9N5
EP0063925,Q8NB16
EP0063981,Q8NBZ0
EP0064002,Q8NCD3
EP0064054,Q8ND76
EP0064105,Q8NE71
EP0064113,Q8NEB9
EP0064134,Q8NEM2
EP0064145,Q8NER1
EP0064152,Q8NET8
EP0064155,Q8NEV4
EP0064166,Q8NEY8
EP0064172,Q8NF50
EP0064181,Q8NFC6
EP0064190,Q8NFH8
EP0064193,Q8NFJ5
EP0064241,Q8NG31
EP0064246,Q8NG66
EP0064482,Q8NHG8
EP0064509,Q8NHV4
EP0064510,Q8NHW3
EP0064515,Q8NHY2
EP0064519,Q8NHZ8
EP0065494,Q8TAE6
EP0065496,Q8TAE8
EP0065513,Q8TAP6
EP0065514,Q8TAP8
EP0065515,Q8TAP9
EP0065516,Q8TAQ2
EP0065517,Q8TAQ5
EP0065543,Q8TB45
EP0065630,Q8TCG1
EP0065639,Q8TCS8
EP0065649,Q8TCU6
EP0065660,Q8TD08
EP0065664,Q8TD19
EP0065673,Q8TD43
EP0065687,Q8TDC3
EP0065707,Q8TDN4
EP0065711,Q8TDQ0
EP0065712,Q8TDQ1
EP0065732,Q8TDX7
EP0065736,Q8TDY4
EP0065756,Q8TE77
EP0065758,Q8TE85
EP0065789,Q8TEV9
EP0065790,Q8TEW0
EP0065825,Q8TF76
EP0066875,Q8WTQ7
EP0066925,Q8WUI4
EP0066930,Q8WUM0
EP0066931,Q8WUM4
EP0066957,Q8WV24
EP0066958,Q8WV28
EP0066971,Q8WVB6
EP0066974,Q8WVD3
EP0066983,Q8WVI7
EP0067039,Q8WWI1
EP0067041,Q8WWK9
EP0067045,Q8WWM7
EP0067064,Q8WWY3
EP0067075,Q8WX93
EP0067089,Q8WXE1
EP0067141,Q8WYH8
EP0067142,Q8WYJ6
EP0067145,Q8WYK2
EP0067146,Q8WYL5
EP0067153,Q8WYQ5
EP0067164,Q8WZ42
EP0068012,Q92519
EP0068023,Q92538
EP0068027,Q92542
EP0068032,Q92547
EP0068035,Q92556
EP0068036,Q92558
EP0068044,Q92569
EP0068045,Q92570
EP0068047,Q92574
EP0068053,Q92597
EP0068054,Q92598
EP0068055,Q92599
EP0068114,Q92620
EP0068123,Q92630
EP0068132,Q92673
EP0068134,Q92681
EP0068136,Q92686
EP0068137,Q92688
EP0068140,Q92698
EP0068144,Q92731
EP0068146,Q92734
EP0068147,Q92736
EP0068161,Q92769
EP0068164,Q92777
EP0092974,Q92784-2
EP0068169,Q92785
EP0068172,Q92793
EP0068173,Q92794
EP0093454,Q92796-2
EP0068175,Q92797
EP0068181,Q92819
EP0068193,Q92837
EP0068209,Q92878
EP0068210,Q92879
EP0068211,Q92882
EP0068213,Q92888
EP0068217,Q92900
EP0068221,Q92904
EP0068223,Q92908
EP0068227,Q92915
EP0068228,Q92917
EP0068229,Q92918
EP0068235,Q92934
EP0068237,Q92945
EP0068240,Q92952
EP0068249,Q92974
EP0068252,Q92985
EP0068256,Q92993
EP0094965,Q92993-2
EP0068257,Q92994
EP0068259,Q92997
EP0068261,Q93009
EP0068264,Q93034
EP0068266,Q93045
EP0068268,Q93052
EP0068275,Q93077
EP0068276,Q93079
EP0069445,Q969H0
EP0069446,Q969H4
EP0069473,Q969R5
EP0069477,Q969S3
EP0069484,Q969T9
EP0069485,Q969U6
EP0069490,Q969V6
EP0069505,Q96A00
EP0069525,Q96A54
EP0069543,Q96AC1
EP0069546,Q96AE4
EP0069557,Q96AP0
EP0069571,Q96AX2
EP0069585,Q96B36
EP0069599,Q96BD6
EP0069602,Q96BF3
EP0069610,Q96BK5
EP0069622,Q96BR1
EP0069649,Q96C19
EP0069654,Q96C36
EP0069660,Q96C90
EP0069669,Q96CF2
EP0069670,Q96CG3
EP0069693,Q96CV9
EP0069694,Q96CW1
EP0069698,Q96CX2
EP0069706,Q96D31
EP0069712,Q96D96
EP0069763,Q96E09
EP0069765,Q96E14
EP0069771,Q96E39
EP0069776,Q96EA4
EP0069778,Q96EB6
EP0069804,Q96EP5
EP0069829,Q96EZ8
EP0069838,Q96F46
EP0069843,Q96F86
EP0069844,Q96FA3
EP0069852,Q96FF9
EP0069855,Q96FI4
EP0069874,Q96FW1
EP0069881,Q96G01
EP0069905,Q96GD4
EP0069975,Q96HP0
EP0069993,Q96HZ4
EP0069998,Q96I25
EP0070009,Q96IF1
EP0070011,Q96II8
EP0070034,Q96IZ0
EP0070040,Q96J02
EP0095167,Q96J02-2
EP0070049,Q96J92
EP0070071,Q96JH7
EP0070074,Q96JJ3
EP0070119,Q96KB5
EP0070127,Q96KG7
EP0070132,Q96KK5
EP0070145,Q96KQ7
EP0070149,Q96KR7
EP0070150,Q96KS0
EP0070170,Q96L34
EP0070192,Q96LC7
EP0070193,Q96LC9
EP0070301,Q96MS0
EP0070339,Q96N67
EP0070391,Q96NY9
EP0070399,Q96P20
EP0070401,Q96P31
EP0070404,Q96P48
EP0070430,Q96PE2
EP0070443,Q96PK6
EP0070447,Q96PM5
EP0070466,Q96PU5
EP0070475,Q96PX8
EP0092156,Q96PY5-3
EP0070479,Q96PY6
EP0070489,Q96Q27
EP0070497,Q96Q89
EP0070501,Q96QB1
EP0070506,Q96QD9
EP0070511,Q96QF0
EP0070524,Q96QT4
EP0070531,Q96QV6
EP0070535,Q96R06
EP0070562,Q96RG2
EP0070570,Q96RK0
EP0070573,Q96RL1
EP0070586,Q96RR4
EP0070587,Q96RS0
EP0070593,Q96RU2
EP0070610,Q96S44
EP0070614,Q96S59
EP0070621,Q96S94
EP0070627,Q96SB3
EP0070628,Q96SB4
EP0070631,Q96SD1
EP0070646,Q96SN8
EP0070652,Q96ST3
EP0070662,Q96T23
EP0070665,Q96T49
EP0070666,Q96T51
EP0070671,Q96T58
EP0070673,Q96T60
EP0070679,Q96T88
EP0070682,Q96TA1
EP0070684,Q96TC7
EP0070713,Q99062
EP0070738,Q99259
EP0070768,Q99418
EP0070770,Q99426
EP0070774,Q99439
EP0070782,Q99459
EP0070797,Q99502
EP0070798,Q99504
EP0070801,Q99523
EP0070805,Q99538
EP0070813,Q99558
EP0070826,Q99590
EP0070833,Q99607
EP0070844,Q99623
EP0070846,Q99626
EP0070849,Q99638
EP0070850,Q99640
EP0070855,Q99661
EP0070857,Q99666
EP0070865,Q99683
EP0070869,Q99689
EP0070873,Q99704
EP0070877,Q99708
EP0095099,Q99719-2
EP0070885,Q99728
EP0070890,Q99741
EP0070899,Q99759
EP0070907,Q99801
EP0070910,Q99808
EP0070912,Q99814
EP0070915,Q99828
EP0070920,Q99848
EP0070926,Q99877
EP0070927,Q99878
EP0070928,Q99879
EP0070929,Q99880
EP0070942,Q99952
EP0070944,Q99958
EP0070946,Q99961
EP0070947,Q99962
EP0070957,Q99986
EP0070960,Q99996
EP0071556,Q9BPX3
EP0071564,Q9BPZ7
EP0071568,Q9BQ15
EP0071589,Q9BQA1
EP0071597,Q9BQE3
EP0071603,Q9BQG0
EP0071619,Q9BQQ3
EP0071630,Q9BR01
EP0071635,Q9BR39
EP0071639,Q9BR76
EP0071646,Q9BRD0
EP0071667,Q9BRQ0
EP0071678,Q9BRS2
EP0071679,Q9BRS8
EP0071689,Q9BRV8
EP0071722,Q9BSI4
EP0071726,Q9BSJ6
EP0071735,Q9BSQ5
EP0071768,Q9BTD8
EP0071775,Q9BTL3
EP0071795,Q9BU19
EP0071810,Q9BUB5
EP0071817,Q9BUG6
EP0071822,Q9BUJ2
EP0071826,Q9BUL8
EP0071835,Q9BUR4
EP0071846,Q9BUZ4
EP0071860,Q9BV73
EP0071874,Q9BVC5
EP0071881,Q9BVI0
EP0071895,Q9BVS4
EP0071907,Q9BW19
EP0071911,Q9BW61
EP0071924,Q9BWF3
EP0071939,Q9BWT1
EP0071949,Q9BWW4
EP0071967,Q9BX84
EP0071976,Q9BXB4
EP0071987,Q9BXH1
EP0072005,Q9BXL7
EP0072008,Q9BXM7
EP0072014,Q9BXP5
EP0072017,Q9BXR0
EP0072024,Q9BXS5
EP0072025,Q9BXS6
EP0072043,Q9BXW9
EP0072054,Q9BY11
EP0072063,Q9BY41
EP0072066,Q9BY44
EP0072076,Q9BY77
EP0072079,Q9BY84
EP0072096,Q9BYE7
EP0072100,Q9BYG3
EP0072148,Q9BYV9
EP0072153,Q9BYX4
EP0072191,Q9BZG1
EP0072203,Q9BZK7
EP0072206,Q9BZL4
EP0072207,Q9BZL6
EP0072219,Q9BZQ8
EP0072223,Q9BZS1
EP0072267,Q9C0C2
EP0072270,Q9C0C7
EP0072271,Q9C0C9
EP0072276,Q9C0D5
EP0072299,Q9C0K0
EP0076164,Q9GZM8
EP0076185,Q9GZR7
EP0076197,Q9GZU1
EP0076203,Q9GZV1
EP0076206,Q9GZV5
EP0076209,Q9GZV9
EP0076215,Q9GZX7
EP0076219,Q9GZY6
EP0076235,Q9H063
EP0076244,Q9H093
EP0076254,Q9H0B6
EP0076262,Q9H0D6
EP0076273,Q9H0H5
EP0076280,Q9H0K1
EP0076302,Q9H0U4
EP0076314,Q9H0Z9
EP0076335,Q9H1A4
EP0076344,Q9H1D0
EP0076347,Q9H1E3
EP0076355,Q9H1K0
EP0076356,Q9H1K1
EP0076377,Q9H204
EP0076383,Q9H211
EP0076398,Q9H257
EP0076409,Q9H2B2
EP0076423,Q9H2G4
EP0076434,Q9H2K8
EP0076443,Q9H2S1
EP0076457,Q9H2X6
EP0076458,Q9H2X9
EP0076488,Q9H3D4
EP0076501,Q9H3M7
EP0076505,Q9H3P2
EP0076527,Q9H3Z4
EP0076530,Q9H410
EP0076532,Q9H425
EP0076538,Q9H467
EP0076545,Q9H492
EP0076548,Q9H4A3
EP0076551,Q9H4A6
EP0076555,Q9H4B6
EP0076561,Q9H4E7
EP0076581,Q9H4P4
EP0076588,Q9H4X1
EP0076605,Q9H5H4
EP0076619,Q9H5V8
EP0076646,Q9H6E5
EP0076648,Q9H6F5
EP0076652,Q9H6K1
EP0076682,Q9H6Z4
EP0076693,Q9H788
EP0076695,Q9H792
EP0076711,Q9H7L9
EP0076716,Q9H7P9
EP0076753,Q9H8G2
EP0076761,Q9H8M2
EP0076765,Q9H8N7
EP0076768,Q9H8S9
EP0076771,Q9H8V3
EP0076781,Q9H8Y8
EP0076785,Q9H910
EP0076806,Q9H9C1
EP0076824,Q9H9Q4
EP0076826,Q9H9S0
EP0076843,Q9HA82
EP0076858,Q9HAN9
EP0076868,Q9HAT8
EP0076879,Q9HAW4
EP0076880,Q9HAW7
EP0076889,Q9HB09
EP0076910,Q9HB96
EP0076912,Q9HBA0
EP0076960,Q9HBY8
EP0076964,Q9HC16
EP0076976,Q9HC62
EP0076978,Q9HC77
EP0076983,Q9HC98
EP0076988,Q9HCC9
EP0077002,Q9HCH0
EP0077010,Q9HCJ2
EP0077037,Q9HCR9
EP0077047,Q9HCU9
EP0077049,Q9HCX4
EP0079950,Q9NP31
EP0079958,Q9NP62
EP0079962,Q9NP71
EP0079966,Q9NP77
EP0079969,Q9NP80
EP0079974,Q9NP87
EP0079979,Q9NP97
EP0079990,Q9NPB6
EP0079993,Q9NPC1
EP0079994,Q9NPC2
EP0080008,Q9NPF5
EP0080018,Q9NPH5
EP0080024,Q9NPI6
EP0080038,Q9NPY3
EP0080058,Q9NQ66
EP0080072,Q9NQA5
EP0080073,Q9NQB0
EP0080075,Q9NQC3
EP0080076,Q9NQC7
EP0080081,Q9NQG5
EP0080093,Q9NQR1
EP0080097,Q9NQS1
EP0080100,Q9NQS7
EP0080104,Q9NQT8
EP0080105,Q9NQU5
EP0080123,Q9NQZ2
EP0080134,Q9NR19
EP0080139,Q9NR28
EP0080163,Q9NRA0
EP0080166,Q9NRA8
EP0080174,Q9NRD5
EP0080176,Q9NRD9
EP0080179,Q9NRF2
EP0080180,Q9NRF8
EP0080188,Q9NRH2
EP0080189,Q9NRH3
EP0080197,Q9NRL2
EP0080203,Q9NRM7
EP0080211,Q9NRQ2
EP0080216,Q9NRR4
EP0080235,Q9NRY4
EP0080237,Q9NRY6
EP0080245,Q9NS23
EP0080248,Q9NS28
EP0080252,Q9NS56
EP0080268,Q9NS91
EP0080299,Q9NSV4
EP0080308,Q9NTG7
EP0080310,Q9NTI5
EP0080370,Q9NUU7
EP0080373,Q9NUW8
EP0080392,Q9NV92
EP0080400,Q9NVD7
EP0080411,Q9NVI1
EP0080424,Q9NVP2
EP0080469,Q9NWH9
EP0080476,Q9NWQ8
EP0080491,Q9NWV8
EP0080500,Q9NWZ3
EP0080529,Q9NX63
EP0080545,Q9NXE8
EP0080552,Q9NXH3
EP0080565,Q9NXR1
EP0080596,Q9NY61
EP0080607,Q9NYA1
EP0080610,Q9NYB0
EP0080615,Q9NYF0
EP0080618,Q9NYF8
EP0080629,Q9NYL2
EP0080639,Q9NYP9
EP0080653,Q9NYV4
EP0080654,Q9NYV6
EP0080673,Q9NYZ3
EP0080689,Q9NZ72
EP0080692,Q9NZA1
EP0080698,Q9NZC7
EP0080699,Q9NZC9
EP0080709,Q9NZH5
EP0080718,Q9NZJ0
EP0080733,Q9NZM5
EP0080739,Q9NZN8
EP0080747,Q9NZQ3
EP0080757,Q9NZT2
EP0080766,Q9NZV8
EP0080786,Q9P0J1
EP0080795,Q9P0L2
EP0080796,Q9P0L9
EP0080840,Q9P1Z0
EP0080852,Q9P219
EP0080854,Q9P227
EP0080868,Q9P270
EP0080875,Q9P286
EP0080877,Q9P289
EP0080885,Q9P2B4
EP0080888,Q9P2D0
EP0080889,Q9P2D1
EP0080927,Q9P2M7
EP0080930,Q9P2N5
EP0080958,Q9P2Y5
EP0083561,Q9UBB4
EP0083578,Q9UBE8
EP0083581,Q9UBF6
EP0083582,Q9UBF8
EP0093784,Q9UBF8-2
EP0083594,Q9UBK2
EP0083608,Q9UBN4
EP0083610,Q9UBN7
EP0083614,Q9UBP6
EP0083624,Q9UBS0
EP0083635,Q9UBU3
EP0083637,Q9UBU7
EP0083645,Q9UBW7
EP0083663,Q9UD71
EP0083683,Q9UER7
EP0083688,Q9UEW8
EP0083689,Q9UEY8
EP0083699,Q9UFC0
EP0083708,Q9UFW8
EP0083721,Q9UGI0
EP0083727,Q9UGK3
EP0083738,Q9UGP5
EP0083747,Q9UH03
EP0083754,Q9UH77
EP0083757,Q9UH99
EP0083762,Q9UHB6
EP0083771,Q9UHD2
EP0083785,Q9UHH9
EP0083802,Q9UHP3
EP0083809,Q9UHR4
EP0083817,Q9UHW9
EP0083853,Q9UIF9
EP0083854,Q9UIG0
EP0083858,Q9UII2
EP0083864,Q9UIK4
EP0083877,Q9UIW2
EP0083887,Q9UJ70
EP0083911,Q9UJM3
EP0083922,Q9UJU2
EP0083925,Q9UJU6
EP0083928,Q9UJV9
EP0083936,Q9UJX2
EP0083937,Q9UJX3
EP0083939,Q9UJX5
EP0083941,Q9UJY1
EP0083943,Q9UJY5
EP0083951,Q9UK17
EP0083967,Q9UK80
EP0083974,Q9UKA4
EP0083982,Q9UKD2
EP0083983,Q9UKE5
EP0083988,Q9UKG1
EP0083992,Q9UKI8
EP0084008,Q9UKM9
EP0084024,Q9UKT4
EP0084025,Q9UKT5
EP0084034,Q9UKV0
EP0084035,Q9UKV3
EP0084036,Q9UKV5
EP0084037,Q9UKV8
EP0084038,Q9UKW4
EP0084040,Q9UKX2
EP0084043,Q9UKX7
EP0084045,Q9UKY1
EP0084057,Q9UL17
EP0084084,Q9ULC4
EP0084103,Q9ULH0
EP0084116,Q9ULJ8
EP0084148,Q9ULV4
EP0084149,Q9ULV5
EP0084150,Q9ULV8
EP0084151,Q9ULW0
EP0084157,Q9ULX3
EP0084170,Q9UM11
EP0084177,Q9UM54
EP0084179,Q9UM73
EP0084181,Q9UMD9
EP0084186,Q9UMR2
EP0084195,Q9UMX1
EP0084205,Q9UN19
EP0084207,Q9UN36
EP0084245,Q9UNN4
EP0084246,Q9UNN5
EP0084250,Q9UNQ0
EP0084264,Q9UNZ2
EP0084272,Q9UP95
EP0084281,Q9UPN3
EP0084282,Q9UPN4
EP0084286,Q9UPP1
EP0084301,Q9UPT5
EP0084302,Q9UPT6
EP0084303,Q9UPT8
EP0084306,Q9UPU5
EP0084309,Q9UPV0
EP0084320,Q9UPY5
EP0084321,Q9UPY6
EP0084322,Q9UPY8
EP0084325,Q9UPZ9
EP0084330,Q9UQ13
EP0084333,Q9UQ35
EP0084339,Q9UQ80
EP0084340,Q9UQ84
EP0084344,Q9UQB8
EP0084346,Q9UQC2
EP0084349,Q9UQE7
EP0084351,Q9UQF2
EP0084353,Q9UQK1
EP0084354,Q9UQL6
EP0084355,Q9UQM7
EP0092141,Q9UQM7-2
EP0084359,Q9UQQ2
EP0084360,Q9UQR0
EP0084361,Q9UQR1
EP0088008,Q9Y210
EP0096216,Q9Y233-2
EP0088028,Q9Y237
EP0088033,Q9Y243
EP0088036,Q9Y248
EP0088040,Q9Y253
EP0088045,Q9Y259
EP0088046,Q9Y261
EP0088050,Q9Y265
EP0088051,Q9Y266
EP0088061,Q9Y281
EP0088063,Q9Y283
EP0088065,Q9Y285
EP0088070,Q9Y294
EP0088071,Q9Y295
EP0088111,Q9Y2H1
EP0088119,Q9Y2I6
EP0088120,Q9Y2I7
EP0088124,Q9Y2J2
EP0088125,Q9Y2J4
EP0088128,Q9Y2K2
EP0088131,Q9Y2K6
EP0088132,Q9Y2K7
EP0088154,Q9Y2R2
EP0088155,Q9Y2R4
EP0088161,Q9Y2T1
EP0088167,Q9Y2T7
EP0088173,Q9Y2V2
EP0088176,Q9Y2W1
EP0088180,Q9Y2W7
EP0088183,Q9Y2X7
EP0088185,Q9Y2X9
EP0088192,Q9Y2Z0
EP0088198,Q9Y314
EP0088212,Q9Y365
EP0088214,Q9Y371
EP0088240,Q9Y3C5
EP0088254,Q9Y3E5
EP0088256,Q9Y3F4
EP0088261,Q9Y3M2
EP0088270,Q9Y3Q4
EP0088282,Q9Y3Y2
EP0088284,Q9Y3Z3
EP0088293,Q9Y463
EP0088299,Q9Y478
EP0088303,Q9Y490
EP0088305,Q9Y496
EP0088314,Q9Y4C1
EP0088320,Q9Y4D2
EP0088326,Q9Y4E8
EP0088330,Q9Y4F5
EP0088334,Q9Y4G8
EP0088335,Q9Y4H2
EP0088346,Q9Y4P1
EP0088347,Q9Y4P3
EP0088350,Q9Y4R8
EP0088364,Q9Y520
EP0088375,Q9Y570
EP0088376,Q9Y572
EP0088393,Q9Y5B0
EP0088396,Q9Y5B9
EP0088461,Q9Y5N6
EP0088466,Q9Y5P4
EP0088482,Q9Y5S9
EP0088484,Q9Y5T5
EP0088499,Q9Y5X2
EP0088522,Q9Y613
EP0088527,Q9Y618
EP0088531,Q9Y624
EP0088543,Q9Y666
EP0088547,Q9Y676
EP0088558,Q9Y698
EP0088562,Q9Y6A5
EP0088572,Q9Y6D6
EP0088573,Q9Y6D9
EP0088574,Q9Y6E0
EP0088578,Q9Y6F6
EP0088586,Q9Y6H1
EP0088588,Q9Y6H5
EP0088589,Q9Y6H6
EP0088591,Q9Y6I3
EP0088604,Q9Y6K9
EP0088617,Q9Y6N7
EP0088626,Q9Y6Q9
EP0088628,Q9Y6R1
EP0088629,Q9Y6R4
EP0088640,Q9Y6W5
EP0088641,Q9Y6W6
EP0088651,Q9Y6X9
EP0088655,Q9Y6Y9
