Term,Category,Genes
Protein kinase domain,Catalytic,TNK2 DDR1 GRK5 EPHA4 AKT2 SRC NUAK2 MAP2K5 MINK1 LCK MET MAP3K7 RPS6KA4 MAPK8 JAK1 MARK1 PRKCQ CSNK1A1 PDGFRA TXK GSK3B TLK1 FES HIPK2 LIMK2 MAPK14 PKN1 CLK3 PTK2 MAP3K3 CAMKK2 CAMK2A OXSR1 RPS6KA3 CAMK4 CAMK1D YES1 RET AKT1 TYK2 ABL2 CDK2 CSK INSR MAP2K4 MELK NPR1 SRPK2 DYRK4 NEK8 CDC42BPA STK26 EPHA2 EPHA8 ALK CSF1R BUB1 SNRK CDK9 SRMS IRAK1 ILK ERBB4 CSNK2A1 PTK6 TAOK3 CDK3 CAMK2B ULK3 TLK2 KSR1 DDR2 VRK3 SGK3 LMTK2 FGFR1 TTN ARAF JAK3 AURKA WNK1 MAPK9 MAPK12 GRK6 CAMK2G TP53RK CAMK2D ROCK1 NUAK1 DYRK2 TGFBR1 RPS6KB2 PLK4 SGK1 FGR STK38 PRKCI ERBB3 STK16 TAOK1 CHUK KALRN FGFR4 SLK SIK2 ITK MAPK4 SIK3 RPS6KA5 MAP4K1 MAP3K14 TEK MAP2K6 RPS6KA1 PRKD2 PAK1 HASPIN TTK LATS2 PRKCA EGFR TNK1 MLKL MAP2K1 NLK STK39 MAP3K4 NEK7 PAK6 CASK ROCK2 MAP3K11 NTRK1 PRKCZ CDK13 CDK12 FGFR3 NEK11 PBK LIMK1 MAPK7 GRK4 RPS6KB1 MARK2 CDKL5 LRRK2 MAPK10 PDGFRB MAPK15 CDK7 PKN2 MAPK1 NEK6 PTK2B MAP3K5 FLT3 CDK5 PASK PDPK1 MAPK13 RIPK2 TAOK2 STK25 PAK4 CDK4 RIPK3 IRAK4 MAK PRKG1 BRAF PLK1 CDC7 STK38L ERBB2 PRKCD STK24 FLT1 WEE1 VRK1 FGFR2 GRK1 NEK3 TRIB2 DYRK1A PHKG1 MAPKAPK5 KDR WNK4 MAP3K20 TGFBR2 PRKCB MAP2K7 CDK11B MAP3K8 TRIO PRKACA PINK1 MYO3A MAP3K6 AAK1 GAK SRPK1 KIT CAMK1 MARK3 MERTK PRKAA2 MAPKAPK2 MAP3K1 PEAK1 MAP3K9 TEC MAP4K3 FLT4 CHEK2 AURKB MKNK2 GRK7 PRKD1 PRKD3 MYLK STK10 PKN3 SYK CHEK1 HCK STK3 ERN1 SIK1 NEK9 ABL1 AKT3 PRKAA1 GSK3A NTRK2 LRRK1 EPHB3 CSNK1E IKBKB LYN JAK2 MARK4 IKBKE BMX EIF2AK3 EPHB2 TNIK DAPK2 SGK2 NEK2 PAK5 RIPK1 MAP2K3 DAPK3 RAF1 SCYL1 CDC42BPB EPHB1 RPS6KA2 DYRK1B MAPK11 AXL EIF2AK2 MAPK3 BTK STK11 CDK1 ULK1 TESK1 EPHA3 RPS6KA6 BRSK2 BRSK1 CAMKK1 TBK1 MAPK6 CSNK1D ZAP70 MKNK1 STRADA PIM1 IGF1R PAK3 MST1R MAP2K2 NIM1K DAPK1 NEK1 LATS1 STK33 CLK2 PRKCH CDK16 PAK2 ULK2 CDK6 STK4 FER GRK2 PKMYT1 TEX14 MASTL FYN PRKCE
"Serine-threonine/tyrosine-protein kinase, catalytic domain",Catalytic,TNK2 DDR1 EPHA4 SRC LCK MET MAP3K7 TXK JAK1 PDGFRA FES LIMK2 PTK2 YES1 RET ABL2 INSR TYK2 CSK NPR1 EPHA8 EPHA2 ALK CSF1R SRMS ILK ERBB4 PTK6 KSR1 FGFR1 DDR2 LMTK2 ARAF JAK3 FGR ERBB3 FGFR4 ITK TEK EGFR TNK1 MLKL NEK7 MAP3K11 NTRK1 FGFR3 LIMK1 PDGFRB NEK6 PTK2B FLT3 RIPK2 IRAK4 BRAF ERBB2 FLT1 FGFR2 KDR MAP3K20 TGFBR2 MERTK KIT MAP3K9 TEC FLT4 SYK HCK ABL1 NTRK2 EPHB3 LYN JAK2 BMX EPHB2 RIPK1 RAF1 EPHB1 AXL BTK EPHA3 TESK1 ZAP70 IGF1R MST1R FER TEX14 FYN
"Tyrosine-protein kinase, catalytic domain",Catalytic,DDR2 TNK2 DDR1 FGFR1 EPHA4 SRC SYK JAK3 HCK PDGFRB LCK MET ABL1 TXK JAK1 NTRK2 PDGFRA PTK2B FLT3 EPHB3 FES LYN JAK2 PTK2 FGR BMX EPHB2 ERBB2 FLT1 FGFR4 YES1 FGFR2 EPHB1 FYN RET ITK TYK2 INSR ABL2 CSK AXL TEK KDR BTK EPHA3 EPHA8 EPHA2 ALK EGFR CSF1R ZAP70 TNK1 IGF1R MST1R SRMS ERBB4 MERTK KIT PTK6 FER NTRK1 TEC FLT4 FGFR3
SH2 domain,Cytoplasmic,STAT1 SRC STAT6 SYK JAK3 HCK SHC1 LCK RIN1 ABL1 TXK JAK1 TNS3 GRB7 STAT2 SOCS1 INPPL1 DAPP1 PLCG1 FES CHN2 GRB2 BLNK LYN JAK2 FGR GRB14 STAP2 SH2D4A BMX PTPN11 PIK3R3 VAV3 STAT4 SOCS3 GRAP2 SHC3 YES1 SH2B2 FYN SH3BP2 SH2B3 ABL2 TYK2 CRK CSK ITK STAT3 SLA PIK3R1 SUPT6H VAV2 BTK PTPN6 LCP2 VAV1 ZAP70 PLCG2 SRMS CRKL GRB10 PTK6 SH2B1 NCK1 FER RASA1 TEC STAT5B SHC4 SH2D2A STAT5A
"AGC-kinase, C-terminal",Catalytic,SGK3 GRK5 AKT2 GRK4 RPS6KB1 PKN3 GRK6 AKT3 PRKCQ PKN2 RPS6KA4 ROCK1 PRKCZ RPS6KB2 PKN1 SGK1 PRKG1 STK38 STK38L SGK2 PRKCI PRKCD RPS6KA3 GRK1 RPS6KA2 CDC42BPB AKT1 RPS6KA5 CDC42BPA RPS6KA1 PRKCB RPS6KA6 LATS2 PRKCA PRKACA LATS1 PRKCH ROCK2 GRK2 MASTL PRKCE GRK7
"Protein kinase, C-terminal",Catalytic,SGK3 AKT2 RPS6KB1 PKN3 PKN2 PRKCQ RPS6KA4 AKT3 RPS6KB2 PKN1 SGK1 STK38 PRKCI SGK2 PRKCD STK38L RPS6KA3 RPS6KA2 AKT1 RPS6KA5 CDC42BPA RPS6KA1 PRKCB RPS6KA6 LATS2 PRKCA PRKCH PRKCZ PRKCE
SH3 domain,Cytoplasmic,TNK2 SRC ARHGEF4 STAM2 LCK TXK SKAP1 PLCG1 BAIAP2L1 YES1 DBNL LASP1 ABL2 CRK CSK FYB1 SORBS3 SPTAN1 DSP SRMS NPHP1 CRKL OSTF1 PACSIN1 PTK6 CACNB2 NEDD9 PACSIN2 ABI1 FGR KALRN ITK BCAR1 DLG1 NCKIPSD NCF1 TNK1 PLCG2 HCLS1 CASK AMPH NCK1 DLG4 MAPK8IP1 MAP3K11 SASH1 EPS8 SH3GLB1 NCF2 NOXA1 SH3GL1 DLG5 ARHGEF7 ARHGEF6 PIK3R1 VAV2 VAV1 ARHGAP33 DLG3 MACC1 TRIO SH3GL2 TRIP10 PPP1R13L MAP3K9 TEC CTTN HCK ABL1 TP53BP2 GRB2 LYN PSTPIP1 BAIAP2 SH3BP4 DLG2 DOCK2 VAV3 GRAP2 BIN1 SLA BTK SH3PXD2B NOXO1 SH3RF1 PLEC DOCK1 SORBS2 NGEF RASA1 MACF1 FYN NCF4
Pleckstrin homology domain,Cytoplasmic,GAB2 AKT2 ARHGEF4 GAB1 ARHGAP15 GRB7 SKAP1 PLCG1 BCR SPTBN1 PLEK DGKD RASAL2 GRB14 IRS1 FERMT2 SH2B3 SH3BP2 AKT1 TRIOBP PLEKHG1 CDC42BPA RAPH1 PLEKHG6 OSBPL11 GRB10 RASGRF2 ADAP1 SNTA1 ROCK1 PHLPP1 NET1 AKAP13 ELMO1 ARHGAP23 KALRN ITK AFAP1L2 PRKD2 DEF6 PLCG2 AFAP1 ASAP3 ROCK2 SH2B1 PREX1 PHLDA1 FERMT3 DNM2 PREX2 DAPP1 TIAM1 ARHGEF7 RTKN RASGRF1 ARHGEF6 ARAP1 VAV2 ACAP1 VAV1 IRS4 ARHGAP22 CYTH2 CNKSR1 TRIO DOK2 PLD1 SYNGAP1 ARHGAP21 DNM1 TEC PLEKHG2 PRKD1 PRKD3 SPTBN4 APPL1 AKT3 ARHGEF2 PLD2 CYTH1 BMX VAV3 SH2B2 CDC42BPB ELMO2 AGAP2 BTK ARHGAP24 IRS2 ARHGEF1 DOK1 OSBP2 DAB2IP NGEF RASA1 SOS1 GRK2 OSBP
"Nuclear hormone receptor, ligand-binding domain",Nuclear,NR4A3 NR3C2 RORA PPARG NR4A1 RORC NR1I2 NR1H4 NR0B2 PGR NR1D1 NR5A2 NR1I3 VDR AR RARA NR5A1 ESR1 NR2F6 PPARD RARG NR3C1 THRB PPARA NR1H3 NR1H2 RXRA HNF4A NR4A2 ESR2
"Zinc finger, nuclear hormone receptor-type",Nuclear,NR4A3 NR3C2 RORA PPARG NR4A1 RORC NR1I2 NR1H4 PGR NR1D1 NR5A2 NR1I3 VDR AR RARA NR5A1 PPARD ESR1 NR2F6 RARG NR3C1 THRB PPARA NR1H3 NR1H2 RXRA HNF4A NR4A2 ESR2
Diacylglycerol/phorbol-ester binding,Cytoplasmic,PRKD1 PRKD3 CHN2 PRKCZ PRKCE PRKCH RASGRP1 ARAF BRAF PRKD2 PRKCB PRKCI PRKCD PRKCA PRKCQ RASGRP3 RAF1 CDC42BPB
"Protein kinase C-like, phorbol ester/diacylglycerol-binding domain",Cytoplasmic,PRKD1 PRKD3 RASGRP1 ARAF RACGAP1 RASGRP2 ARHGEF2 PRKCQ ROCK1 CHN2 DGKD AKAP13 RASSF1 BRAF PRKCI PRKCD VAV3 RAF1 CDC42BPB DGKA CDC42BPA VAV2 PRKD2 RASGRP3 PRKCB VAV1 PRKCA PRKCH ROCK2 DGKZ PRKCZ PRKCE KSR1
Calponin homology domain,Structural,UTRN IQGAP2 MICAL2 MAPRE1 FLNC SPTBN4 LRCH3 MAPRE3 PARVA SPTBN1 LCP1 TAGLN CNN3 CAMSAP1 ACTN1 IQGAP1 VAV3 MICALL1 GAS2L1 ARHGEF7 CCDC88C ARHGEF6 LMO7 MAPRE2 CCDC88A VAV2 CNN1 VAV1 CAMSAP2 TAGLN2 SMTN PLEC CNN2 FLNA MACF1 DIXDC1
BRCT domain,Cytoplasmic,TERF2IP RFC1 BRCA1 BARD1 LIG3 ECT2 NBN POLL MDC1 TOPBP1 PARP1 POLM MCPH1 CTDP1 TP53BP1 LIG4 XRCC1 DBF4
Basic-leucine zipper domain,Nuclear,CREB1 NFE2L1 CREM ATF6 NFE2 ATF1 FOSL1 MAFA FOSL2 ATF2 JUN XBP1 CEBPA BACH2 FOSB DDIT3 CEBPB MAFG ATF4 CEBPD ATF7 FOS NFE2L2 JUNB JUND CREB3 JDP2
Ion transport domain,Transport,TRPV6 KCND1 TRPV5 KCNQ5 RYR1 KCND2 TRPC5 TRPV1 KCNA1 KCNA3 TRPM4 KCND3 TRPM6 TRPC3 TRPA1 KCNA4 TRPM8 HCN4 RYR2 TRPM2 KCNB1 TRPM7 KCNA5 TRPC1 SCN8A SCN5A ITPR1 KCNH2 TRPC6 KCNQ1 TRPC4 KCNQ2 CACNA1H TRPV3 SCN9A KCNMA1 HVCN1 KCNC4 CACNA1C TRPV4
Ubiquitin-associated domain,Cytoplasmic,RSC1A1 CBL MARK2 SIK1 MARK1 USP24 CBLB HUWE1 MARK4 SIK2 SIK3 UBQLN4 UBXN1 LATS2 BRSK1 USP13 UBAP2L SNRK LATS1 MARK3 SQSTM1 NBR1
Ets domain,Nuclear,SPDEF SPIB ETS1 ETV6 ETV1 ELF4 FLI1 ELK4 SPI1 ERG SPIC ELK1 ELF3 ETS2 ERF ETV5 ELK3
PB1 domain,Cytoplasmic,PARD6A MAP3K3 MAP2K5 PRKCI TFG NCF2 SQSTM1 PRKCZ NOXA1 NBR1 NCF4
Rel homology dimerisation domain,Nuclear,RELA REL NFATC4 RELB NFKB2 NFATC3 NFAT5 NFATC1 NFKB1
"Rel homology domain (RHD), DNA-binding domain",Nuclear,RELA REL NFATC4 RELB NFKB2 NFATC3 NFAT5 NFATC1 NFKB1
RNA recognition motif domain,Nuclear,RBMXL1 SSB HNRNPA0 NELFE G3BP1 RBM26 RBM17 ENOX2 SNRNP70 SRSF2 RBM4 EIF4B RBM42 TUT1 RBM39 HNRNPH1 TARDBP MATR3 RBM38 HNRNPD EWSR1 SRSF1 U2AF2 RBM14 SRSF9 SRSF3 HNRNPA1 RNPS1 HNRNPA2B1 HNRNPC RBM27 FUS SFPQ DAZL ZNF638 NCL NIFK CELF1 SRSF11 HNRNPM SLTM RBM10 RBMX SYNCRIP LARP7 HNRNPL RBM8A RBM28 RAVER1 RALY PPARGC1A ELAVL1 ALYREF RBM3 HNRNPF SPEN DAZAP1 SYNJ2 HNRNPH2 PTBP1 RBM7 POLDIP3
"Zinc finger, PHD-type",Nuclear,BAZ1B PHF2 AIRE TRIM28 KDM2A JADE1 KDM5A KAT6A BAZ1A ING1 PHF8 KMT2A PHF23 PHF20 DPF3 KMT2E RSF1 BAZ2A ING5 KDM4B TRIM24 UHRF1 KMT2D TRIM33 PHF6 DPF2 KDM5B PYGO2 PHF14 NSD2 KDM4C CHD4
"Myc-type, basic helix-loop-helix (bHLH) domain",Nuclear,MITF MAX NCOA2 TFE3 MXD1 EPAS1 ID1 NCOA1 TAL1 NCOA3 MYC HES5 MYCN AHR MYCL MYOD1 HES1 MYF5 BHLHE40 ID2 MLXIPL ARNT HIF1A ID3 LYL1 SIM2 HES6 TWIST1 TAL2 TFEB CLOCK TCF3 SREBF1 SREBF2 USF2 USF1 HAND1
Histone deacetylase domain,Nuclear,HDAC4 HDAC9 HDAC6 HDAC2 HDAC5 HDAC3 HDAC7 HDAC1 HDAC8
"STAT transcription factor, protein interaction",Nuclear,STAT1 STAT5A STAT6 STAT4 STAT5B STAT2 STAT3
"STAT transcription factor, DNA-binding",Nuclear,STAT1 STAT5A STAT6 STAT4 STAT5B STAT2 STAT3
"STAT transcription factor, all-alpha domain",Nuclear,STAT1 STAT5A STAT6 STAT4 STAT5B STAT2 STAT3
"Zinc finger, PHD-finger",Nuclear,PHF2 BAZ1B AIRE TRIM28 KDM2A JADE1 KDM5A KAT6A BAZ1A ING1 PHF8 KMT2A PHF23 DPF3 KMT2E RSF1 BAZ2A ING5 TRIM24 UHRF1 KMT2D TRIM33 DPF2 KDM5B PYGO2 PHF14 NSD2 CHD4
Cyclin-like,Cytoplasmic,RBL1 CCNO CCND2 CCNA2 CCNE1 RB1 CCNT1 CCNH RBL2 CCNB1 CABLES1 CCNF CCNY CCND3 CCND1 CCNL2 BRF1
CRIB domain,Cytoplasmic,PAK3 PAK6 CDC42BPA PAK1 WASL PAK2 CDC42EP4 PAK5 CDC42BPB WAS PAK4
p21 activated kinase binding domain,Cytoplasmic,PAK6 PAK4 PAK1 PAK2 PAK5 PAK3
"SLC12A transporter, C-terminal",Transport,SLC12A1 SLC12A6 SLC12A7 SLC12A3 SLC12A5 SLC12A4 SLC12A2
Dbl homology (DH) domain,Catalytic,RASGRF2 ARHGEF4 ECT2 ARHGEF2 PREX2 BCR TIAM1 NET1 AKAP13 VAV3 KALRN ARHGEF7 RASGRF1 ARHGEF6 ARHGEF17 PLEKHG1 VAV2 VAV1 TRIO ARHGEF1 PLEKHG6 NGEF SOS1 PREX1 PLEKHG2
Tyrosine specific protein phosphatases domain,Catalytic,DUSP1 PTPRT SSH3 PTPRJ DUSP4 PTPN7 DUSP16 DUSP10 PTPN1 PTPN11 DUSP5 PTPN6 PTPN12 PTPRF PTPRC PTPN22 PTPRA PTPN3 SSH1 DUSP3 EPM2A DUSP6 MTMR2 CDC14A PTPN2 PTPRR PTPN18
RGS domain,Cytoplasmic,RGS13 RGS10 GRK5 GRK4 RGS18 RGS14 RGS2 AXIN2 RGS16 GRK6 RGS19 AXIN1 GRK2 GRK1 RGS7 GRK7
WW domain,Cytoplasmic,UTRN YAP1 MAGI1 PIN1 IQGAP2 NEDD4L ITCH BAG3 WAC PQBP1 IQGAP1 WWOX APBB1 CEP164 NEDD4 WWC1 SMURF2 WWTR1 DGCR8 SAV1
SAP domain,Nuclear,MRTFA HNRNPUL1 PIAS4 DEK PIAS1 SLTM XRCC6 MYOCD RAD18 SF3B2 ACIN1 HNRNPU
"Peptidase C14,  p20 domain",Catalytic,CASP1 CFLAR CASP9 CASP6 CASP8 CASP7 CASP2 MALT1 CASP3
IPT domain,Nuclear,PLXNB1 RELA REL NFATC4 RELB NFKB2 NFAT5 PLXNA2 NFATC3 PLXNA1 MET NFATC1 NFKB1 MST1R
PAS fold,Nuclear,AHR PDE8A SIM2 NCOA2 CLOCK EPAS1 NCOA1 NCOA3 ARNT HIF1A
"Protein-tyrosine phosphatase, catalytic",Catalytic,DUSP1 PTEN TNS3 PTPRT PTPRJ DUSP4 PTPN7 PTPN1 PTPN11 DUSP5 PTPN6 PTPN12 PTPRF PTPRC PTPN22 PTPRA PTPN3 MTMR2 CDC14A PTPN2 PTPRR PTPN18
Forkhead-associated (FHA) domain,Catalytic,PPP1R8 MKI67 NBN MDC1 FOXK2 KIF1C KIF14 AFDN APTX CEP170B MCRS1 APLF KIF13B TIFA CHEK2
Amino acid permease/ SLC12A domain,Transport,SLC12A1 SLC12A6 SLC12A7 SLC12A3 SLC12A5 SLC12A4 SLC12A2
Furin-like cysteine-rich domain,Cytoplasmic,INSR ERBB4 ERBB3 ERBB2 EGFR IGF1R
14-3-3 domain,Cytoplasmic,YWHAQ SFN YWHAB YWHAG YWHAE YWHAZ
Receptor L-domain,Cytoplasmic,INSR ERBB4 ERBB3 ERBB2 EGFR IGF1R
"Integrin beta subunit, tail",Structural,ITGB5 ITGB1 ITGB2 ITGB4 ITGB7 ITGB3
"Transcription factor, MADS-box",Nuclear,MEF2D MEF2C MEF2A SRF MEF2B
NFkappaB IPT domain,Nuclear,RELA REL RELB NFKB2 NFKB1
Kinase associated domain 1 (KA1),Catalytic,MARK2 MELK MARK4 MARK3 MARK1
PAS domain,Cytoplasmic,AHR KCNH2 PDE8A SIM2 NCOA2 CLOCK PER2 EPAS1 NCOA1 PER3 NCOA3 ARNT PASK HIF1A
Actin-depolymerising factor homology domain,Structural,GMFB DSTN DBN1 CFL2 GMFG DBNL CFL1
"Phosphatidylinositol 3-/4-kinase, catalytic domain",Catalytic,PRKDC MTOR PIK3CG PIK3C3 ATM PIK3CD PIK3CB PI4KB ATR PIK3C2A
Bromodomain,Nuclear,BAZ1B KAT2A BAZ2A CREBBP TRIM28 KAT2B TRIM24 TAF1 BRD9 KMT2A SMARCA4 PBRM1 EP300 TRIM33 BAZ1A BRD4
PTB/PI domain,Cytoplasmic,APBA3 APBB1 APPL1 NUMB TBC1D1 SHC1 DAB2 EPS8 DAB1 CCM2 TNS3 ITGB1BP1 SHC3 MAPK8IP1 SHC4 TBC1D4
"Peptidase C14A, caspase catalytic domain",Catalytic,CASP1 CFLAR CASP9 CASP6 CASP8 CASP7 CASP2 CASP3
DEP domain,Cytoplasmic,PLEK DVL2 PIKFYVE DEPDC5 DEPTOR DVL3 RAPGEF3 DEPDC1 PREX1 PREX2 RGS7
PTP type protein phosphatase,Catalytic,PTPN7 PTPN6 PTPN1 PTPN2 PTPN11 PTPN12 PTPRF PTPRC PTPN22 PTPRT PTPRR PTPRJ PTPN18 PTPRA PTPN3
"Cold-shock protein, DNA-binding",Nuclear,CARHSP1 LIN28A YBX3 YBX1 LIN28B YBX2
Cold shock domain,Nuclear,CARHSP1 LIN28A YBX3 YBX1 LIN28B YBX2
"MAD homology, MH1",Nuclear,SMAD6 SMAD9 SMAD4 SMAD2 SMAD3 SMAD1
"Integrin beta subunit, VWA domain",Structural,ITGB5 ITGB1 ITGB2 ITGB4 ITGB7 ITGB3
"SMAD domain, Dwarfin-type",Nuclear,SMAD6 SMAD9 SMAD4 SMAD2 SMAD3 SMAD1
Integrin beta N-terminal,Structural,ITGB5 ITGB1 ITGB2 ITGB4 ITGB7 ITGB3
"Cyclin, N-terminal",Cytoplasmic,CCNO CCND2 CCNA2 CCNE1 CCNT1 CCNH CCNB1 CCNF CABLES1 CCNY CCND1 CCND3 CCNL2
PDZ domain,Cytoplasmic,LIMK1 MAGI1 SNTA1 IL16 PREX2 AHNAK LRRC7 TIAM1 LIMK2 DLG2 ARHGAP23 PICK1 PPP1R9A DVL3 PARD3 DLG5 RAPGEF2 SNX27 PPP1R9B LMO7 DLG1 HTRA2 DVL2 AFDN PDZK1 DEPTOR CNKSR1 DLG3 PTPN3 CASK ARHGAP21 NOS1 SCRIB DLG4 PREX1 APBA3 SDCBP PARD6A
"Cyclin, C-terminal domain",Cytoplasmic,CCND2 CCNO CCNA2 CCNE1 CCNF CCNB1 CCND1 CCND3 CCNL2
HD/PDEase domain,Catalytic,PDE8A PDE4C PDE5A PDE3A PDE4B PDE10A PDE11A SAMHD1 PDE4A PDE4D PDE3B
Pointed domain,Nuclear,SPDEF ETS1 ETV6 FLI1 ERG ELF3 ETS2
Transient receptor ion channel domain,Transport,TRPC6 TRPC4 TRPC1 TRPC3 TRPC5
MCM N-terminal domain,Nuclear,MCM2 MCM7 MCM3 MCM5 MCM4
"3'5'-cyclic nucleotide phosphodiesterase, catalytic domain",Catalytic,PDE8A PDE4C PDE5A PDE3A PDE4B PDE10A PDE11A PDE4A PDE4D PDE3B
"Calmodulin-regulated spectrin-associated protein, CH domain",Structural,VAV2 CAMSAP1 VAV1 VAV3 CAMSAP2
"Integrin beta subunit, cytoplasmic domain",Structural,ITGB5 ITGB1 ITGB2 ITGB7 ITGB3
"Zinc finger, GATA-type",Nuclear,MTA2 GATAD2A MTA1 GATA6 GATA1 GATA2 GATA4 GATA3
Ras GTPase-activating domain,Cytoplasmic,IQGAP2 SYNGAP1 RASAL2 DAB2IP GAPVD1 IQGAP1 RASA1 NF1
"Phosphatidylinositol-4-phosphate 5-kinase, core",Cytoplasmic,PIKFYVE PIP5K1B PIP4K2B PIP5K1C PIP4K2C PIP4K2A
Myb domain,Nuclear,TERF2 MYB MYBL1 TERF1 CDC5L MYBL2
MATH/TRAF domain,Catalytic,TRAF6 TRAF3 MEP1B TRAF2 USP7 SPOP TRAF4
Ran binding domain,Cytoplasmic,NUP50 RGPD3 RANBP3 RGPD6 RGPD4 RANBP2 RGPD8
"Peptidase C14, caspase non-catalytic subunit p10",Catalytic,CASP1 CASP9 CASP6 CASP8 CASP7 CASP2 CASP3
Rho GTPase-activating protein domain,Cytoplasmic,ARHGAP19 ARHGAP15 RACGAP1 ARHGAP35 BCR CHN2 ARHGAP23 ARHGAP8 ARHGAP17 ARHGAP5 ARAP1 PIK3R1 TAGAP DLC1 ARHGAP33 ARHGAP22 ARHGAP24 RALBP1 ARHGAP21 ARHGAP31
"Potassium channel, inwardly rectifying, transmembrane domain",Transport,KCNJ4 KCNJ12 KCNJ13 KCNJ11 KCNJ3 KCNJ5 KCNJ1 KCNJ2
CARD domain,Cytoplasmic,PYCARD CASP1 APAF1 CASP9 CARD11 BCL10 NOL3 CASP2 DLG5 CARD9 RIPK2
Syndecan/Neurexin domain,Structural,NRXN1 SDC2 SDC1 SDC3 SDC4
W2 domain,Nuclear,EIF5 EIF4G3 EIF2B5 EIF4G2 EIF4G1
DIX domain,Cytoplasmic,DVL2 AXIN2 DVL3 AXIN1 DIXDC1
Raf-like Ras-binding,Cytoplasmic,TIAM1 RGS14 ARAF BRAF RAF1
"Sirtuin family, catalytic core domain",Catalytic,SIRT1 SIRT7 SIRT6 SIRT3 SIRT2
CAP Gly-rich domain,Structural,TBCE CLIP1 TBCB DCTN1 CYLD KIF13B
"Phosphoinositide 3-kinase, accessory (PIK) domain",Catalytic,PIK3CG PIK3C3 PIK3CD PIK3CB PI4KB PIK3C2A
K Homology domain,Nuclear,NOVA2 SF1 HNRNPK KHDRBS1 KHSRP PCBP1 PCBP2 HDLBP ANKRD17 FUBP1 PNPT1 FXR1 FMR1
Rhodanese-like domain,Catalytic,DUSP1 DUSP16 CDC25B DUSP10 DUSP5 DUSP6 DUSP4 USP8 CDC25A CDC25C
"Helicase, C-terminal",Nuclear,DDX3Y CHD7 IFIH1 BLM EP400 DDX25 RAD54L DDX5 FANCM HELLS DDX1 ERCC3 DDX52 ERCC6L DDX19B WRN RECQL4 DDX3X DDX41 EIF4A3 DHX38 CHD4 ERCC6 SMARCAL1 SMARCA4 DDX19A RECQL5 DDX24
HECT domain,Catalytic,HUWE1 NEDD4L AREL1 ITCH NEDD4 HECTD3 UBR5 TRIP12 SMURF2 HACE1 UBE3A
Kinesin motor domain,Structural,CENPE KIF20A KIF2C KIF11 KIF1C KIF14 KIF2B KIF2A KIF22 KIF20B KIF3A KIF23 KIF13B KIF4A KIFC1
Ankyrin repeat-containing domain,Cytoplasmic,TRPV6 GIT1 INVS ANKRD12 NFKB2 NFKBIA TRPV5 PPP1R12A NOTCH2 HACE1 TP53BP2 NFKBIB PPP1R12B LRRK1 TRPC5 ANKLE2 BARD1 TRPV1 NOTCH1 BCL3 ASB8 ANKRD2 TRPC3 KIDINS220 TRPA1 IBTK PPP1R16B ZDHHC13 CDKN2D ANKRD28 AGAP2 EHMT2 CDKN2A TANC1 ACAP1 TNKS TRPC1 ASB2 PPP1R12C GIT2 DAPK1 PPP1R13L ILK OSTF1 TRPC6 TRPC4 ASAP3 GLS TRPV3 ANKRD17 SNCAIP DGKZ TEX14 NFKB1 TRPV4
Band 4.1 domain,Cytoplasmic,TYK2 RDX JAK2 PTK2 EZR JAK3 FERMT3 EPB41 NF2 JAK1 MSN TLN1 FERMT2 PTK2B PTPN3 EPB41L3
"K Homology domain, type 1",Nuclear,NOVA2 SF1 HNRNPK KHDRBS1 KHSRP PCBP1 PCBP2 HDLBP ANKRD17 FUBP1 PNPT1 FXR1 FMR1
"Tubulin/FtsZ, 2-layer sandwich domain",Structural,TUBA1A TUBB2A TUBB TUBA4A TUBG1 TUBB3 TUBA1C TUBG2 TUBA1B
WH2 domain,Structural,MTSS1 INF2 WIPF1 WASF2 COBLL1 WASL WASF1 WAS WASF3
"APBB1IP, PH domain",Cytoplasmic,GRB7 RAPH1 GRB10 GRB14
"MYST, zinc finger domain",Nuclear,KAT8 KAT6A KAT5 KAT7
"PIK-related kinase, FAT",Catalytic,PRKDC MTOR ATM ATR
Chromo/chromo shadow domain,Nuclear,CHD7 CBX4 CBX5 CBX3 ARID4A CBX8 SMARCC2 CBX1 CHD4 SUV39H1 KAT8 KAT5
"Zinc finger, RanBP2-type",Nuclear,EWSR1 MDM2 RBM10 ZRANB1 SHARPIN FUS TAB3 MDM4 NUP153 RANBP2
PWI domain,Nuclear,SRRM1 RBM27 PRPF3 RBM26
"Ephrin receptor, transmembrane domain",Catalytic,EPHA4 EPHB3 EPHB2 EPHA3 EPHA2 EPHA8 EPHB1
"Histone acetyltransferase domain, MYST-type",Catalytic,KAT8 KAT6A KAT5 KAT7
Ephrin receptor ligand binding domain,Cytoplasmic,EPHA4 EPHB3 EPHB2 EPHA3 EPHA2 EPHA8 EPHB1
"Helicase superfamily 1/2, ATP-binding domain",Nuclear,DDX3Y CHD7 IFIH1 BLM EP400 DDX25 RAD54L DDX5 FANCM HELLS DDX1 ERCC3 DDX52 ERCC6L DDX19B WRN RECQL4 DDX3X DDX41 EIF4A3 DHX38 CHD4 ERCC6 SMARCAL1 SMARCA4 DDX19A RECQL5 DDX24
"Integrin beta, epidermal growth factor-like domain 1",Structural,ITGB1 ITGB3 ITGB4 ITGB5
Rho GTPase-binding/formin homology 3 (GBD/FH3) domain,Structural,INF2 FHOD1 DIAPH1 DIAPH3 DAAM1 FMNL2
Bromo adjacent homology (BAH) domain,Nuclear,MTA2 MTA1 ORC1 PBRM1 TNRC18 DNMT1
"Phosphatidylinositol 3-kinase, C2 domain",Catalytic,PIK3CG PIK3C3 PIK3CD PIK3CB PIK3C2A
MCM OB domain,Nuclear,MCM2 MCM7 MCM3 MCM5 MCM4
"Ras-like guanine nucleotide exchange factor, N-terminal",Cytoplasmic,RASGRF2 RAPGEF1 RASGRP1 RASGRP2 RAPGEF3 SOS1 RASGRP3 RAPGEF2 RASGRF1
Ubiquitin specific protease domain,Catalytic,USP15 USP37 USP10 PAN2 USP25 USP24 USP16 USP14 USP9X USP4 USP35 USP2 USP28 USP20 USP34 USP1 USP7 USP21 USP13 CYLD USP8 USP11
Sterile alpha motif domain,Nuclear,EPHA4 SASH1 SCML2 INPPL1 EPHB3 DGKD EPHB2 PPP1R9A EPHB1 ARAP1 TP73 DLC1 MAP3K20 LCP2 EPHA3 EPHA2 EPHA8 TNKS SAMHD1 CNKSR1 STIM1 TP63 PPFIA1 SARM1
"Tubulin/FtsZ, GTPase domain",Structural,TUBA1A TUBB2A TUBB TUBA4A TUBG1 TUBB3 TUBA1C TUBG2 TUBA1B
"MAD homology 1, Dwarfin-type",Nuclear,SMAD6 SMAD9 SMAD4 SMAD2 SMAD3 SMAD1
IRS-type PTB domain,Cytoplasmic,DOK1 FRS3 IRS1 IRS4 IRS2 DOK2
Small GTP-binding protein domain,Cytoplasmic,CDC42 LRRK2 RRAS2 HRAS NRAS REM1 EEF2 RHOU RAC1 ERAL1 RAB1A RHOB RASD2 RHOA RAB11A RRAD RAP1B RAB4A RHEB RHOT1 RAB8A RAB5B RAP1A RRAS RAB34 RAN RIT1 RALB GEM RALA DRG1 RAB37 RAB10 RAB5A KRAS RND3 DRG2
"Peptidase C19, ubiquitin carboxyl-terminal hydrolase",Catalytic,USP15 USP37 USP10 USP25 USP24 USP16 USP14 USP9X USP4 USP35 USP2 USP28 USP20 USP34 USP1 USP7 USP21 USP13 CYLD USP8 USP11
Tetratricopeptide repeat-containing domain,Cytoplasmic,ST13 NCF2 CDC16 NOXA1 KLC2 RPAP3 FKBP4 PPP5C KLC1 PEX5 NASP GPSM2 RGPD8 ERCC6L SPAG1 RGPD3 RGPD6 TANC1 OGT TTC3 KLC4 FKBP5 CDC23 CTR9 CDC27 ANAPC7 RGPD4 SUGT1 RANBP2 AIP
Cold-shock (CSD) domain,Nuclear,YBX3 CARHSP1 YBX1 YBX2
Rab-binding domain FIP-RBD,Catalytic,RAB11FIP2 RAB11FIP3 RAB11FIP5 RAB11FIP1
FATC domain,Catalytic,PRKDC MTOR ATM ATR
MCM domain,Nuclear,MCM2 MCM7 MCM3 MCM5 MCM4
PIK-related kinase,Catalytic,PRKDC MTOR ATM ATR
CP2 transcription factor,Nuclear,TFCP2L1 TFCP2 GRHL3 GRHL1
"E2F transcription factor, CC-MB domain",Nuclear,E2F1 E2F3 E2F6 E2F4
Histidine kinase/HSP90-like ATPase,Catalytic,TRAP1 PDK1 BCKDK HSP90B1 TOP2A TOP2B HSP90AB1 MORC2 HSP90AA1 MLH1
"Serine/threonine-protein kinase OSR1/WNK, CCT domain",Catalytic,WNK4 STK39 OXSR1 WNK1
"Helicase/UvrB, N-terminal",Nuclear,IFIH1 FANCM ERCC3 UPF1
Growth factor receptor domain 4,Cytoplasmic,EGFR ERBB2 ERBB3 ERBB4
Glutamine amidotransferase,Catalytic,GMPS CAD CTPS2 CTPS1
"Formin, GTPase-binding domain",Structural,INF2 DIAPH1 DIAPH3 DAAM1 FMNL2
"Formin, FH3 domain",Structural,INF2 DIAPH1 DIAPH3 DAAM1 FMNL2
"Initiation factor eIF-4 gamma, MA3",Nuclear,EIF4G2 EIF4G1 PDCD4 EIF4G3
Dual specificity protein phosphatase domain,Catalytic,SSH1 DUSP1 DUSP3 EPM2A DUSP10 DUSP16 DUSP5 DUSP6 CDC14A SSH3 DUSP4
"Zinc finger, LIM-type",Nuclear,LIMD1 LIMK1 ZYX TRIP6 MICAL2 AJUBA FHL1 LIMK2 CRIP2 MICALL1 LASP1 LPP LMO7 ISL1 FHL2 LIMA1 PXN TGFB1I1 LPXN
PAS fold-3,Cytoplasmic,AHR SIM2 PER2 EPAS1 PER3 HIF1A
"Basic leucine zipper domain, Maf-type",Nuclear,NFE2L2 NFE2L1 NFE2 MAFG MAFA BACH2
FERM domain,Cytoplasmic,TYK2 RDX JAK2 PTK2 EZR JAK3 EPB41 JAK1 MSN TLN1 NF2 PTK2B PTPN3 EPB41L3
"Dual specificity phosphatase, catalytic domain",Catalytic,SSH1 DUSP1 DUSP3 EPM2A DUSP16 DUSP10 DUSP5 DUSP6 CDC14A PTEN SSH3 DUSP4
