Term,Category,Genes
Pathways in cancer,Human Diseases,FRAT1 GLI1 AKT2 CTNNA1 PLCB1 MTOR RASGRP1 PTEN MET BDKRB2 NOTCH2 MAPK8 JAK1 PTGS2 MYC PDGFRA HES5 STAT2 GSK3B TRAF4 BCR PLCG1 ITGA2 MMP2 GLI2 IL2RB RELA E2F1 COL4A3 HES1 PTK2 RAC1 GNA13 NOTCH1 RASSF1 PIK3R3 CAMK2A ELK1 CEBPA MLH1 RET AKT1 CDK2 CRK LRP6 RARA ALK EP300 SLC2A1 CSF1R FZD3 CCND3 HDAC1 SMAD3 CASP3 PLCB3 CRKL AGTR1 APAF1 MDM2 FZD6 AXIN2 ZBTB16 CCNE1 FGF2 IL6ST NKX3-1 GLI3 STAT5B CAMK2B LEF1 RB1 BAX CTBP1 RASGRP3 HMOX1 KRAS FGFR1 CBL STAT1 CDKN1B CREBBP STAT6 EPOR SMAD4 ARAF JAK3 CASP9 MAPK9 CAMK2G RUNX1 TRAF2 CAMK2D ROCK1 TGFBR1 NRAS IFNGR1 GNAI2 RPS6KB2 CHUK TCF7L2 FGFR4 NQO1 HIF1A RPS6KA5 SKP2 TPR TFG PRKCA EGFR FN1 RALBP1 BBC3 PLCG2 MAP2K1 CALM1 CSF3R CCDC6 ETS1 PAX8 PMAIP1 RALA ROCK2 KEAP1 RXRA CASP7 NTRK1 SUFU SP1 FGFR3 MAX RPS6KB1 CDC42 CYCS MAPK10 NFKBIA PDGFRB HRAS HDAC2 RASGRP2 MAPK1 PPARG MECOM NCOA3 BAK1 FLT3 BAD CDK4 IFNAR1 XIAP BRCA2 TRAF3 BRAF CCNA2 JUN BCL2L1 ERBB2 STAT4 RHOA FGFR2 ARNT BIRC5 PIK3R1 CXCR4 ITGB1 CCND2 BID TGFBR2 PRKCB HSP90AA1 FOS PRKACA JUP PPARD PLD1 RALB FADD GSTP1 KIT ADCY3 BCL2 CASP8 AXIN1 CCND1 PIK3CD FLT4 NFKB1 EML4 PML STAT5A CSF2RB MITF ESR2 TRAF6 APPL1 EGLN1 NFKB2 EPAS1 CDKN1A LAMC1 NCOA1 ABL1 AKT3 BCL2L11 RAD51 PLD2 E2F3 GRB2 GNAI1 FH IKBKB JAK2 TERT APC SPI1 DAPK2 FOXO1 EGLN2 IKBKG DVL3 TP53 DAPK3 IL2RA RAF1 STAT3 MAPK3 GSTA4 CDKN2A DVL2 AR EDNRA VHL HSP90B1 FGF1 IL15RA CTBP2 PIM1 SMAD2 IGF1R ESR1 ARHGEF1 MAP2K2 DAPK1 NFE2L2 CDH1 CDK6 HSP90AB1 STK4 NOS2 SOS1 PIK3CB CTNNB1
MAPK signaling pathway,Environmental Information Processing,AKT2 RASGRP1 RRAS2 STMN1 MAP2K5 MET MAP3K7 RPS6KA4 MAPK8 MYC NFATC1 PDGFRA CACNG2 MAPK14 RELA PPP5C PTPN7 RAC1 MAP3K3 RELB ELK1 RPS6KA3 RAP1B AKT1 INSR CRK MAP2K4 EPHA2 MAPK8IP3 CSF1R NF1 CASP3 NGFR CRKL IRAK1 ERBB4 ELK4 TAOK3 FGF2 JUND CACNB2 RASGRP3 KRAS FGFR1 RASGRF2 DUSP1 FLNC CDC25B HSPA1L ARAF MAPK9 MAPK12 PLA2G4A TRAF2 TGFBR1 NRAS DUSP4 ERBB3 TAOK1 CHUK FGFR4 MAP3K14 MAP4K1 TEK RPS6KA5 MAP2K6 DUSP5 RPS6KA1 PAK1 PRKCA EGFR MAP2K1 NLK MAP3K4 HSPA1A CACNA1H FLNA MAP3K11 MAPK8IP1 PTPRR NTRK1 CACNA1C FGFR3 MAX MAPK7 MAPT MEF2C CDC42 MAPK10 HRAS PDGFRB RASGRP2 MAPK1 MECOM MAP3K5 FLT3 TAOK2 MAPK13 HSPB1 DUSP16 DUSP10 ATF2 IRAK4 BRAF JUN ERBB2 FLT1 RAPGEF2 FGFR2 BDNF RASGRF1 MAPKAPK5 DDIT3 KDR RAP1A MAP3K20 TGFBR2 PRKCB NFATC3 MAP2K7 ARRB2 ATF4 MAP3K8 FOS PRKACA MAP3K6 KIT DUSP6 MAP3K1 MAPKAPK2 ARRB1 MAP4K3 FLT4 NFKB1 MKNK2 PPM1B TRAF6 STK3 NFKB2 AKT3 TNFRSF1A NTRK2 GRB2 IKBKB NR4A1 DAXX IKBKG TP53 MAP2K3 RAF1 RPS6KA2 MAPK11 MAPK3 RRAS FGF1 RPS6KA6 IGF1R MKNK1 MAP2K2 TAB1 DUSP3 PAK2 STK4 SRF RASA1 SOS1 TNF
Hepatitis B,Human Diseases,AKT2 SRC MAP3K7 MAPK8 JAK1 MYC NFATC1 STAT2 E2F1 YWHAQ MAPK14 RELA PIK3R3 ELK1 TICAM1 TYK2 CDK2 AKT1 MAP2K4 EP300 SMAD3 CASP3 IRAK1 APAF1 CCNE1 BAX STAT5B KRAS RB1 CREB1 STAT1 CREBBP STAT6 SMAD4 ARAF CASP9 JAK3 MAPK9 MAPK12 TGFBR1 MAVS NRAS DDB1 CHUK MAP2K6 IRF3 TICAM2 PRKCA YWHAZ MAP2K1 YWHAB IFIH1 CYCS MAPK10 NFKBIA HRAS MAPK1 PTK2B TIRAP MAPK13 BAD IFNAR1 NFATC4 ATF2 IRAK4 TRAF3 BRAF CCNA2 JUN STAT4 BIRC5 PIK3R1 IRF7 BID TGFBR2 PRKCB NFATC3 TLR3 MAP2K7 DDX3X ATF4 PCNA FOS FADD MAP3K1 BCL2 CASP8 PIK3CD NFKB1 STAT5A TRAF6 TLR4 CDKN1A AKT3 E2F3 GRB2 IKBKB JAK2 IKBKE IKBKG TP53 MAP2K3 RAF1 STAT3 MAPK11 MAPK3 TBK1 MAP2K2 TAB1 CREB3 SOS1 PIK3CB TNF
Neurotrophin signaling pathway,Organismal Systems,AKT2 GAB1 MAP2K5 MAPK8 GSK3B PLCG1 MAPK14 RELA RAC1 MAP3K3 IRS1 PTPN11 PIK3R3 CAMK2A RPS6KA3 CAMK4 RAP1B FOXO3 SH2B3 AKT1 KIDINS220 CRK NGFR CRKL IRAK1 CAMK2B BAX KRAS SHC1 MAPK12 SORT1 MAPK9 CAMK2G CAMK2D NRAS SHC3 YWHAE RPS6KA5 RAPGEF1 RPS6KA1 PSEN2 PLCG2 MAP2K1 CALM1 SH2B1 NTRK1 MAPK7 CDC42 MAPK10 NFKBIA HRAS MAPK1 NFKBIB MAP3K5 RIPK2 PDPK1 MAPK13 BAD IRAK4 BRAF JUN PRKCD RHOA BDNF PIK3R1 RAP1A ARHGDIB MAP2K7 ATF4 ARHGDIA MAP3K1 MAPKAPK2 BCL2 PIK3CD SHC4 NFKB1 TRAF6 PSEN1 ABL1 AKT3 NTRK2 GRB2 IKBKB TP53 SH2B2 RAF1 RPS6KA2 MAPK11 MAPK3 TP73 RPS6KA6 MAP2K2 SOS1 PIK3CB
MicroRNAs in cancer,Human Diseases,MTOR STMN1 PTEN MET NOTCH2 PTGS2 MYC PDGFRA ITGB3 PLCG1 E2F1 NOTCH1 RASSF1 TRIM71 IRS1 PIK3R3 CRK HNRNPK EP300 FZD3 HDAC1 CASP3 CRKL MDM2 HMGA2 ABCC1 CCNE1 GLS KRAS KIF23 MCL1 HMOX1 CDKN1B CREBBP RDX CDC25B SHC1 ROCK1 NRAS SOCS1 CDC25C ERBB3 BMF RPS6KA5 PRKCA EGFR PLCG2 DNMT1 MAP2K1 TP63 UBE2I ATM FGFR3 MAPK7 SIRT1 PDGFRB HRAS HDAC2 MAPK1 BAK1 MDM4 CD44 PAK4 BRCA1 EZR ERBB2 RHOA PIK3R1 FSCN1 CCND2 PRKCB MARCKS BMI1 PLAU SPRY2 BCL2 PIK3CD CCND1 SHC4 NFKB1 VIM CDKN1A ABL1 ZEB1 BCL2L11 DNMT3A E2F3 GRB2 PDCD4 IKBKB EZH2 APC HDAC5 TP53 RAF1 RPTOR STAT3 MAPK3 CDKN2A TPM1 IRS2 PIM1 MAP2K2 HDAC4 ABCB1 CDK6 SOS1 PIK3CB CDCA5 PRKCE CDC25A
Human T-cell leukemia virus 1 infection,Human Diseases,KAT2A AKT2 HLA-B LCK PTEN MAPK8 JAK1 MYC NFATC1 BUB3 E2F1 RELA IL2RB MAP3K3 RELB PIK3R3 ELK1 AKT1 CDK2 MAP2K4 EP300 SLC25A5 SLC2A1 CCND3 CRTC1 SMAD3 ELK4 CCNE1 ANAPC7 BAX STAT5B RB1 KRAS TLN1 ANAPC1 HLA-A CREB1 CREBBP SMAD4 JAK3 MAPK9 TGFBR1 NRAS CD4 CANX CHUK MAP3K14 DLG1 MAP2K1 ZFP36 ETS1 ESPL1 ATM ITGB2 BUB1B ETS2 PTTG2 MAPK10 NFKBIA HRAS MAPK1 MAD2L1 CDK4 NFATC4 ATF2 CD3E XIAP BCL2L1 JUN CCNA2 VDAC2 PIK3R1 CCND2 TGFBR2 NFATC3 XPO1 CRTC2 ATF4 RAN SLC25A4 FOS PRKACA CDC23 CDC20 CDC26 RANBP3 PTTG1 MAP3K1 TCF3 ADCY3 PIK3CD MAD1L1 CCND1 CHEK2 NFKB1 STAT5A CHEK1 ANAPC4 NFKB2 CDKN1A AKT3 FOSL1 TNFRSF1A CDC16 E2F3 IKBKB EGR1 KAT2B TERT SPI1 VDAC1 IKBKG TP53 IL2RA KAT5 ATR MAPK3 CDKN2A MSX2 CD3G IL15RA SMAD2 MAP2K2 CDC27 SRF CRTC3 CREB3 PIK3CB TNF
Shigellosis,Human Diseases,ATG16L1 AKT2 PYCARD SRC PLCB1 MTOR HK1 MAP3K7 ARPC5 PRKCQ MAPK8 GSK3B PLCG1 MAPK14 RELA PTK2 RAC1 PFN1 PIK3R3 FOXO3 AKT1 CRK STING1 UBA52 H3-3B SEPTIN7 SHARPIN TLR5 TIFA PLCB3 CRKL CASP1 SEPTIN3 ILK MDM2 BAX TLN1 TAB3 DIAPH1 MAPK9 MAPK12 PIK3C3 TRAF2 ROCK1 RPS6KB2 SEPTIN2 ELMO1 SEPTIN9 BNIP3 CHUK CGAS BCAR1 HK2 BTRC RPS6KA5 IRF3 ATG14 EGFR MYL12A PLCG2 HCLS1 AKT1S1 ATG5 PXN ROCK2 ATM BECN1 RPS6KB1 CDC42 CYCS MAPK10 NFKBIA MYL12B MAPK1 NFKBIB CD44 RIPK2 MAPK13 BCL2L1 JUN ACTN1 PRKCD RHOA FOXO4 MYL2 PIK3R1 ITGB1 BCL10 CYTH2 GABARAPL2 CAPN2 WASF2 SEPTIN8 MYL9 BCL2 PIK3CD NFKB1 MALT1 H3C12 TRAF6 CAST CTTN TLR4 NLRP3 CAPN1 AKT3 ARHGEF2 WASF1 TNFRSF1A GSK3A ACTR2 CYTH1 IKBKB CBX3 FOXO1 VDAC1 IKBKG RIPK1 TP53 RPTOR MAPK11 VCL ELMO2 H3-4 MAPK3 WASL TBK1 ITPR1 TAB1 DOCK1 RRAGC ARPC1B H3C15 SQSTM1 PIK3CB TNF PRKCE
Yersinia infection,Human Diseases,PYCARD AKT2 SRC LCK MAP3K7 ARPC5 MAPK8 NFATC1 GSK3B PLCG1 MAPK14 RELA PKN1 PTK2 RAC1 PIK3R3 RPS6KA3 TICAM1 AKT1 CRK MAP2K4 FYB1 PIP5K1C CRKL IRAK1 CASP1 WIPF1 MAPK9 MAPK12 TRAF2 ROCK1 CD4 ELMO1 CHUK BCAR1 MAP2K6 IRF3 RPS6KA1 FN1 MAP2K1 PXN ROCK2 WAS LIMK1 CDC42 MAPK10 NFKBIA PKN2 MAPK1 PTK2B MAPK13 IRAK4 PIP5K1B JUN RHOA ARHGEF7 LAT PIK3R1 VAV2 ITGB1 LCP2 NFATC3 VAV1 MAP2K7 ITGA4 FOS GIT2 WASF2 PIK3CD NFKB1 TRAF6 TLR4 NLRP3 AKT3 ACTR2 MEFV IKBKB BAIAP2 VAV3 IKBKG MAP2K3 RPS6KA2 MAPK11 ELMO2 MAPK3 WASL RPS6KA6 TBK1 ZAP70 ARHGEF1 MAP2K2 TAB1 DOCK1 FCGR2A ARPC1B PIK3CB TNF
Viral carcinogenesis,Human Diseases,KAT2A RBL1 SRC H2BC10 MRPS18B HLA-B GTF2A1L H2BC13 H2BC21 JAK1 H2BC18 GSN YWHAQ RELA H2BC3 RAC1 PKM PIK3R3 HDAC7 YWHAG CDK2 HNRNPK EP300 CCND3 HDAC1 CASP3 HDAC8 H2BC9 MDM2 CCNE1 IL6ST BAX STAT5B KRAS RB1 HLA-A CREB1 CDKN1B H2BC17 CREBBP JAK3 TRAF2 HDAC3 NRAS DDB1 RBL2 H2BC14 YWHAE DLG1 RBPJ IRF3 HDAC6 SKP2 YWHAZ PXN PMAIP1 YWHAB CDC42 NFKBIA HRAS HDAC2 MAPK1 BAK1 BAD CDK4 ATF2 TRAF3 JUN CCNA2 ACTN1 RHOA UBE3A PIK3R1 CCND2 IRF7 DDX3X ATF4 USP7 PRKACA CDC20 HDAC9 SCRIB MAPKAPK2 SND1 CASP8 PIK3CD MAD1L1 CCND1 CHD4 NFKB1 STAT5A SYK CHEK1 H2BC15 NFKB2 CDKN1A UBR4 SNW1 H2BC12 GRB2 LYN REL H2BC11 KAT2B IKBKG HDAC5 TP53 H2BC5 STAT3 EIF2AK2 MAPK3 CDKN2A GTF2A1 CDK1 HDAC4 CDK6 SRF CCR5 CREB3 PIK3CB
Proteoglycans in cancer,Human Diseases,AKT2 SRC MTOR GAB1 RRAS2 MET MYC ITGB3 PLCG1 ITGA2 MMP2 MAPK14 PTK2 RAC1 DROSHA PTPN11 PIK3R3 CAMK2A ELK1 AKT1 RPS6 FZD3 CASP3 ERBB4 MDM2 FZD6 FGF2 CAMK2B KRAS FGFR1 CBL FLNC RDX ARAF SDC4 TNF MAPK12 CAMK2G PPP1CA EIF4B CAMK2D ROCK1 NRAS RPS6KB2 ERBB3 SDC1 HIF1A PAK1 SDC2 PRKCA EGFR FN1 MSN PPP1R12C PLCG2 HCLS1 MAP2K1 PXN ROCK2 FLNA SLC9A1 RPS6KB1 CDC42 HRAS PPP1R12A MAPK1 CAV1 CD44 PDPK1 MAPK13 TIAM1 EZR BRAF IQGAP1 ERBB2 RHOA VTN KDR PIK3R1 VAV2 ITGB1 PRKCB VAV1 CAV2 PRKACA PLAU PIK3CD CCND1 CTTN TLR4 NANOG CDKN1A AKT3 PPP1R12B GRB2 PDCD4 DDX5 ITGB5 VAV3 TP53 RAF1 STAT3 MAPK11 MAPK3 PTPN6 RRAS TWIST1 SMAD2 IGF1R ARHGEF1 ESR1 ITPR1 MAP2K2 SOS1 PIK3CB CTNNB1 PPP1CC
Cell cycle,Cellular Processes,RBL1 MCM3 ORC1 MYC BUB3 GSK3B E2F1 YWHAQ SMC1A YWHAG CDK2 CDKN2D MCM7 EP300 BUB1 CCND3 HDAC1 SMAD3 MCM2 MDM2 CCNE1 ANAPC7 SMC3 RB1 E2F4 ANAPC1 CDKN1B CREBBP ORC2 SMAD4 CDC25B ORC6 TFDP1 CDC25C PRKDC CCNH RBL2 YWHAE SKP2 TTK CDC6 YWHAZ ESPL1 YWHAB ATM RAD21 BUB1B PTTG2 HDAC2 CDK7 MAD2L1 CDK4 PLK1 CDC7 CCNA2 WEE1 CCND2 PCNA CDC23 CDC20 CDC26 PTTG1 CDC14A MAD1L1 CCND1 DBF4 CHEK2 CDKN1C SFN CHEK1 ANAPC4 CDKN1A ABL1 MCM4 CDC16 E2F3 CCNB1 TP53 ATR CDKN2A CDK1 FZR1 SMAD2 CDC27 MCM5 CDK6 PKMYT1 CDC25A
T cell receptor signaling pathway,Organismal Systems,AKT2 RASGRP1 LCK MAP3K7 PRKCQ MAPK8 CBLB NFATC1 GSK3B PLCG1 MAPK14 RELA PIK3R3 AKT1 CD28 KRAS CTLA4 MAPK9 MAPK12 NRAS CD4 CHUK ITK MAP3K14 DLG1 PAK1 MAP2K1 PAK6 NCK1 CDC42 MAPK10 NFKBIA HRAS MAPK1 NFKBIB PAK4 PDPK1 MAPK13 CDK4 CD3E JUN RHOA LAT PIK3R1 VAV2 CARD11 BCL10 LCP2 NFATC3 VAV1 MAP2K7 MAP3K8 FOS PIK3CD TEC NFKB1 MALT1 AKT3 GRB2 IKBKB PAK5 VAV3 IKBKG GRAP2 RAF1 MAPK11 MAPK3 CD247 PTPN6 CD3G PTPRC ZAP70 PAK3 MAP2K2 PAK2 SOS1 PIK3CB FYN TNF
Lipid and atherosclerosis,Human Diseases,PYCARD AKT2 SRC PLCB1 ATF6 NOS3 MAP3K7 MAPK8 NFATC1 GSK3B PLCG1 MAPK14 RELA LY96 AGER PTK2 RAC1 PIK3R3 CAMK2A RAP1B AKT1 TICAM1 MAP2K4 CASP3 PLCB3 IRAK1 CASP1 APAF1 CAMK2B BAX KRAS CD36 HSPA1L CASP9 MAPK9 MAPK12 CAMK2G TRAF2 CAMK2D NRAS EIF2S1 CHUK ABCA1 MAP2K6 IRF3 TICAM2 NCF1 PRKCA CALM1 SOD2 HSPA1A ROCK2 RXRA CASP7 CDC42 CYCS MAPK10 NFKBIA HRAS CYBA NCF2 PPARG MAPK1 MAP3K5 TIRAP PDPK1 MAPK13 BAD IRAK4 TRAF3 BCL2L1 JUN RHOA POU2F1 DDIT3 PIK3R1 RAP1A VAV2 BID IRF7 NFATC3 VAV1 CASP6 MAP2K7 ATF4 HSP90AA1 FOS BCL2 CASP8 PIK3CD NFKB1 TRAF6 TLR4 NLRP3 ERN1 AKT3 TNFRSF1A IKBKB LYN JAK2 IKBKE EIF2AK3 VAV3 IKBKG XBP1 TP53 MAP2K3 STAT3 MAPK11 MAPK3 HSP90B1 TBK1 ARHGEF1 ITPR1 TAB1 NFE2L2 HSP90AB1 PIK3CB TNF NCF4
Cellular senescence,Cellular Processes,AKT2 RBL1 MTOR RRAS2 HLA-B PTEN MYC NFATC1 HIPK2 E2F1 MAPK14 RELA TSC1 PIK3R3 FOXO3 RHEB AKT1 CDK2 LIN52 SLC25A5 RAD9A CCND3 SMAD3 MDM2 CCNE1 MRE11 KRAS RB1 E2F4 HLA-A LIN9 MAPK12 PPP1CA TGFBR1 NRAS RAD1 NBN RBL2 BTRC MAP2K6 MAP2K1 CALM1 ETS1 ZFP36L1 ATM TRPV4 SIRT1 HRAS MAPK1 MCU MAPK13 EIF4EBP1 CDK4 NFATC4 CCNA2 GATA4 VDAC2 PIK3R1 CCND2 TGFBR2 NFATC3 TRPM7 RAD50 SLC25A4 CAPN2 TSC2 MAPKAPK2 PIK3CD CCND1 CHEK2 NFKB1 IGFBP3 CHEK1 CAPN1 CDKN1A AKT3 E2F3 MYBL2 FOXO1 VDAC1 CCNB1 TP53 MAP2K3 RAF1 ATR MAPK11 MAPK3 CDKN2A RRAS CDK1 SMAD2 ITPR1 MAP2K2 CDK6 SQSTM1 PIK3CB FOXM1 PPP1CC CDC25A
ErbB signaling pathway,Environmental Information Processing,CBL AKT2 CDKN1B SRC RPS6KB1 PIK3CB MTOR ARAF GAB1 MAPK10 SHC1 MAPK9 CAMK2G HRAS CDKN1A ABL1 MAPK8 MAPK1 AKT3 CAMK2D MYC CBLB NRAS PAK4 GSK3B PLCG1 GRB2 RPS6KB2 EIF4EBP1 BAD PTK2 BRAF JUN ERBB3 PIK3R3 CAMK2A ELK1 ERBB2 PAK5 SHC3 RAF1 AKT1 ABL2 CRK MAP2K4 MAPK3 PIK3R1 PAK1 PRKCB PRKCA MAP2K7 EGFR PLCG2 MAP2K1 PAK3 MAP2K2 CRKL ERBB4 NRG1 PAK6 PAK2 NCK1 PIK3CD CAMK2B SOS1 STAT5B KRAS SHC4 STAT5A
Insulin signaling pathway,Organismal Systems,AKT2 PPP1R3A MTOR HK1 PPP1R3C MAPK8 CBLB GSK3B IRS1 TSC1 PIK3R3 ELK1 AKT1 INSR CRK RPS6 PTPRF SLC2A4 CRKL ACACA KRAS LIPE CBL ARAF SHC1 MAPK9 PPP1CA NRAS SOCS1 RPS6KB2 PRKCI SHC3 HK2 RAPGEF1 PHKA1 PRKAR2B PRKAG1 PRKAR1A MAP2K1 CALM1 EIF4E PPARGC1A PRKCZ ACACB RPS6KB1 MAPK10 EXOC7 PRKAB1 HRAS MAPK1 INPPL1 PDPK1 EIF4EBP1 BAD PTPN1 BRAF PCK1 SOCS3 PPP1CC PHKG1 PIK3R1 IRS4 PRKACA TRIP10 TSC2 SREBF1 PRKAA2 GYS1 PIK3CD SHC4 MKNK2 FLOT1 AKT3 PRKAA1 GRB2 PDE3B IKBKB FBP1 FOXO1 SH2B2 RAF1 RPTOR MAPK3 PYGB IRS2 MKNK1 FLOT2 MAP2K2 SOS1 PIK3CB RHEB
Pathways of neurodegeneration,Human Diseases,NDUFB6 TUBA1A FRAT1 PSMD3 PLCB1 MTOR ATF6 TUBB3 GRM5 MAPK8 PTGS2 CSNK1A1 GSK3B PLCG1 NEFL TARDBP TUBA4A RELA MAPK14 AGER GRIN2A RAC1 ATP2A2 GRIA4 CAMK2A FUS RAB8A UBA52 LRP6 SLC25A5 CSNK2B UBA1 FZD3 HIP1 CASP3 TRAP1 PLCB3 NDUFS4 APAF1 FZD6 PSMA5 AXIN2 CSNK2A1 CAMK2B GRIN1 BAX NDUFS2 KRAS DCTN6 ATXN3 ARAF CASP9 SOD1 MAPK9 MAPK12 CAMK2G PIK3C3 TRAF2 CAMK2D AMBRA1 NEFH NRAS HTT KLC2 NDUFV3 TUBB2A DCTN1 SNCA KLC1 EIF2S1 PPIF TRPC3 GRIN2B MAP2K6 ATG14 PARK7 SMCR8 PRKCA GRM1 PSEN2 PRNP MAP2K1 CALM1 SLC6A3 PSMA7 DLG4 BECN1 CASP7 GPX1 CACNA1C CAT MAPT ATP5F1C ATXN2L GRIA2 NOX4 CYCS LRRK2 MAPK10 STX1A HRAS MAPK1 BAK1 MCU MAP3K5 TUBA1C CDK5 RYR1 NDUFV1 MAPK13 TUBB BAD RAB1A BRAF BCL2L1 BDNF VDAC2 RYR2 PRKN DDIT3 HTRA2 MFN2 OPTN CDK5R1 BID PRKCB MAP2K7 CHRNA7 ATF4 KLC4 PSMA3 SLC25A4 GABARAPL2 PINK1 CAPN2 FADD NOS1 BCL2 CASP8 AXIN1 RAB5A NFKB1 NDUFV2 SEPTIN5 PSMC5 CAPN1 PSEN1 ERN1 NRBF2 TNFRSF1A CSNK1E ATG101 SDHA DAXX PSMD11 VCP APP EIF2AK3 APC VDAC1 NDUFA12 DVL3 XBP1 MAP2K3 RAF1 TUBA1B MAPK11 GRIA1 ATXN1 MAPK3 ATG13 DVL2 ULK1 TBK1 ITPR1 MAP2K2 RB1CC1 PSMD2 ULK2 SNCAIP NOS2 SQSTM1 PSMC4 CTNNB1 TNF
FoxO signaling pathway,Environmental Information Processing,AKT2 PTEN MAPK8 MAPK14 IRS1 PIK3R3 FOXO3 AKT1 CDK2 INSR CDKN2D EP300 SMAD3 SLC2A4 MDM2 KRAS SGK3 CDKN1B CREBBP SMAD4 ARAF MAPK9 MAPK12 TGFBR1 NRAS PLK4 SGK1 BNIP3 CHUK RBL2 SKP2 GRM1 EGFR PRKAG1 MAP2K1 NLK SOD2 ATM CAT MAPK10 SIRT1 PRKAB1 HRAS MAPK1 PDPK1 MAPK13 PLK1 BRAF BCL6 PCK1 FOXO4 FOXG1 S1PR1 PIK3R1 CCND2 TGFBR2 IRS4 RAG2 USP7 FBXO25 GABARAPL2 PRKAA2 PIK3CD CCND1 CDKN1A AKT3 PRKAA1 BCL2L11 GRB2 CSNK1E IKBKB FOXO1 SGK2 CCNB1 RAF1 STAT3 MAPK11 AGAP2 MAPK3 STK11 IRS2 IGF1R MAP2K2 STK4 SOS1 PIK3CB
Epstein-Barr virus infection,Human Diseases,AKT2 PSMD3 HLA-B MAP3K7 MAPK8 JAK1 MYC STAT2 E2F1 MAPK14 RELA HES1 SIN3A RAC1 RELB PIK3R3 AKT1 TYK2 CDK2 MAP2K4 CCND3 HDAC1 CASP3 IRAK1 MDM2 APAF1 CCNE1 BAX RB1 HLA-A STAT1 CDKN1B CASP9 JAK3 MAPK9 MAPK12 TRAF2 MAVS BLNK CHUK MAP3K14 RBPJ MAP2K6 IRF3 SKP2 NEDD4 PLCG2 CYCS MAPK10 NFKBIA HDAC2 NFKBIB BAK1 CD44 MAPK13 TNFAIP3 CDK4 IFNAR1 CD3E IRAK4 TRAF3 JUN CCNA2 PIK3R1 BID CCND2 IRF7 MAP2K7 USP7 FADD BCL2 CASP8 PIK3CD CCND1 RUNX3 NFKB1 TRAF6 SYK PSMC5 NFKB2 VIM CDKN1A AKT3 BCL2L11 E2F3 SNW1 IKBKB PDIA3 LYN PSMD11 IKBKE IKBKG RIPK1 TP53 MAP2K3 STAT3 MAPK11 EIF2AK2 BTK CD247 CD3G TBK1 TAB1 NCOR2 PSMD2 CD19 CDK6 PIK3CB PSMC4 TNF
Chronic myeloid leukemia,Human Diseases,CTBP1 GAB2 CBL AKT2 CDKN1B SMAD4 ARAF NFKBIA SHC1 CDKN1A HRAS HDAC2 ABL1 RUNX1 AKT3 MAPK1 MECOM TGFBR1 MYC E2F3 NRAS GRB2 BAK1 BCR E2F1 IKBKB BAD CDK4 RELA BRAF BCL2L1 PTPN11 PIK3R3 CHUK IKBKG TP53 SHC3 RAF1 AKT1 CRK MAPK3 PIK3R1 CDKN2A KRAS TGFBR2 CTBP2 HDAC1 SMAD3 MAP2K1 MAP2K2 CRKL MDM2 CDK6 RB1 PIK3CD BAX STAT5B PIK3CB SOS1 SHC4 CCND1 NFKB1 STAT5A
Focal adhesion,Cellular Processes,AKT2 SRC PTEN MET MAPK8 PDGFRA ITGB3 GSK3B ITGA2 COL4A3 PTK2 RAC1 PIK3R3 ELK1 RAP1B ARHGAP5 AKT1 CRK PIP5K1C CCND3 CRKL ILK TLN1 ZYX FLNC DIAPH1 SHC1 MAPK9 PPP1CA ROCK1 SHC3 BCAR1 RAPGEF1 PAK1 PRKCA EGFR FN1 MYL12A PPP1R12C MAP2K1 PAK6 PXN ROCK2 SPP1 FLNA CDC42 MAPK10 HRAS PDGFRB MYL12B PPP1R12A MAPK1 CAV1 PAK4 PDPK1 BAD XIAP BRAF PIP5K1B JUN ACTN1 ERBB2 FLT1 RHOA VTN MYL2 RASGRF1 KDR PIK3R1 RAP1A VAV2 CCND2 ITGB1 PRKCB VAV1 CAV2 ITGA4 CAPN2 VASP MYL9 BCL2 PIK3CD CCND1 SHC4 FLT4 ITGB7 MYLK LAMC1 AKT3 PPP1R12B ARHGAP35 GRB2 PARVA ITGB5 PAK5 VAV3 RAF1 VCL MAPK3 IGF1R PAK3 DOCK1 PAK2 SOS1 ITGB4 PIK3CB FYN CTNNB1 PPP1CC
PI3K-Akt signaling pathway,Environmental Information Processing,AKT2 MTOR NOS3 PTEN MET JAK1 MYC PDGFRA ITGB3 GSK3B ITGA2 YWHAQ IL2RB RELA PPP2R5A COL4A3 PTK2 RAC1 PKN1 IRS1 PIK3R3 TSC1 PPP2R5D YWHAG FOXO3 AKT1 CDK2 INSR RPS6 PIK3CG PRL EPHA2 CSF1R CCND3 NGFR ERBB4 MDM2 CCNE1 FGF2 KRAS MCL1 SGK3 FGFR1 CREB1 CDKN1B EPOR CASP9 JAK3 PPP2CA EIF4B NRAS PHLPP1 RPS6KB2 SGK1 PPP2R5C ERBB3 CHUK RBL2 FGFR4 YWHAE TEK PRKCA EGFR FN1 YWHAZ MAP2K1 EIF4E CSF3R PIK3AP1 RXRA YWHAB SPP1 NTRK1 FGFR3 RPS6KB1 MYB PDGFRB HRAS PKN2 MAPK1 FLT3 PDPK1 EIF4EBP1 BRCA1 BAD PIK3R6 CDK4 IFNAR1 ATF2 BCL2L1 ERBB2 FLT1 PCK1 VTN FGFR2 BDNF KDR PIK3R1 ITGB1 CCND2 CRTC2 ATF4 ITGA4 HSP90AA1 KIT TSC2 PRKAA2 BCL2 GYS1 PIK3CD CCND1 FLT4 CHRM2 ITGB7 NFKB1 MAGI1 SYK PKN3 TLR4 CDKN1A LAMC1 AKT3 PRKAA1 BCL2L11 NTRK2 GRB2 IKBKB NR4A1 ITGB5 JAK2 CDC37 SGK2 IKBKG TP53 PPP2R2B RAF1 IL2RA RPTOR MAPK3 PRLR STK11 HSP90B1 FGF1 IGF1R MAP2K2 GHR CD19 CDK6 HSP90AB1 CREB3 SOS1 PIK3CB ITGB4 RHEB
Human immunodeficiency virus 1 infection,Human Diseases,AKT2 MTOR HLA-B AP1M1 MAP3K7 MAPK8 NFATC1 PLCG1 CUL5 LIMK2 MAPK14 RELA PTK2 RAC1 PIK3R3 AKT1 CRK STING1 CASP3 CRKL IRAK1 BAX KRAS HLA-A CASP9 MAPK9 MAPK12 TRAF2 NRAS CDC25C CD4 GNAI2 RPS6KB2 DDB1 CHUK CGAS BTRC APOBEC3B MAP2K6 IRF3 PAK1 PRKCA PLCG2 MAP2K1 CALM1 PAK6 PXN ATM LIMK1 RPS6KB1 CYCS MAPK10 APOBEC3G HRAS NFKBIA MAPK1 BAK1 PTK2B PAK4 CFL1 MAPK13 BAD NFATC4 CD3E IRAK4 BCL2L1 JUN WEE1 PIK3R1 CXCR4 BID PRKCB NFATC3 RNF7 MAP2K7 FOS FADD BCL2 CASP8 PIK3CD CFL2 NFKB1 TRAF6 CHEK1 TLR4 AKT3 TNFRSF1A GNAI1 IKBKB PDIA3 PAK5 IKBKG RIPK1 CCNB1 MAP2K3 RAF1 ATR MAPK11 MAPK3 CD247 CD3G CDK1 SAMHD1 TBK1 PAK3 ITPR1 MAP2K2 TAB1 PAK2 CCR5 PIK3CB TNF
Kaposi sarcoma-associated herpesvirus infection,Human Diseases,AKT2 SRC MTOR HLA-B MAPK8 JAK1 PTGS2 MYC NFATC1 STAT2 GSK3B PLCG1 E2F1 MAPK14 RELA RAC1 PIK3R3 AKT1 TYK2 TICAM1 MAP2K4 UBA52 PIK3CG EP300 CASP3 FGF2 IL6ST BAX LEF1 KRAS RB1 HLA-A STAT1 CREB1 CREBBP CASP9 MAPK9 MAPK12 PIK3C3 TRAF2 NRAS IFNGR1 CHUK TCF7L2 HIF1A MAP2K6 IRF3 ATG14 PLCG2 MAP2K1 CALM1 ZFP36 BECN1 PREX1 CYCS MAPK10 NFKBIA HRAS MAPK1 BAK1 MAPK13 PIK3R6 CDK4 RCAN1 IFNAR1 NFATC4 TRAF3 JUN PIK3R1 BID IRF7 NFATC3 TLR3 MAP2K7 FOS GABARAPL2 FADD MAPKAPK2 CASP8 PIK3CD CCND1 NFKB1 SYK HCK CDKN1A AKT3 TNFRSF1A E2F3 IKBKB LYN JAK2 IKBKE IKBKG TP53 RAF1 STAT3 MAPK11 EIF2AK2 MAPK3 TBK1 ITPR1 MAP2K2 CDK6 CCR5 PIK3CB CTNNB1
Salmonella infection,Human Diseases,TUBA1A AKT2 PYCARD TUBB3 MAP3K7 ARPC5 MAPK8 MYC MAPK14 TUBA4A PKN1 RELA LY96 RAC1 GAPDH PFN1 AKT1 MAP2K4 RAB5B PIK3CG TLR5 CASP3 IRAK1 CASP1 BAX LEF1 DYNLRB1 DCTN6 TAB3 MYO6 FLNC MAPK9 MAPK12 PIK3C3 TRAF2 TXN KLC2 TUBB2A DCTN1 FHOD1 ABI1 KLC1 ELMO1 CHUK TCF7L2 MAP2K6 PAK1 MYL12A MLKL MAP2K1 RALA ROCK2 FLNA CASP7 CDC42 CYCS MAPK10 EXOC7 HRAS DNM2 MYL12B NFKBIA MAPK1 BAK1 AHNAK TUBA1C TIRAP RIPK2 MAPK13 TUBB RIPK3 IRAK4 JUN RHOB RHOA WASF3 MYL2 FBXO22 RPS3 MAP2K7 CYTH2 KLC4 HSP90AA1 FOS FADD MYL9 BCL2 CASP8 PIK3CD ANXA2 DYNLL1 RAB5A NFKB1 TRAF6 TLR4 NLRP3 AKT3 TNFRSF1A ACTR2 CYTH1 IKBKB IKBKG RIPK1 MAP2K3 RAF1 MAPK11 TUBA1B PIK3C2A ELMO2 MAPK3 RRAS HSP90B1 WASL PTPRC KPNA1 PAK3 MAP2K2 TAB1 ARPC1B HSP90AB1 PIK3CB CTNNB1 TNF
PD-L1 expression and PD-1 checkpoint pathway in cancer,Human Diseases,STAT1 AKT2 TRAF6 RPS6KB1 PIK3CB MTOR RASGRP1 TLR4 NFKBIA HRAS LCK PTEN MAPK12 AKT3 PRKCQ JAK1 MAPK1 NFKBIB NFATC1 NRAS TIRAP PLCG1 MAPK13 IFNGR1 CD4 RPS6KB2 MAPK14 RELA IKBKB JAK2 CD274 CD3E MAP3K3 JUN PTPN11 PIK3R3 CHUK IKBKG MAP2K3 NFKB1 LAT RAF1 STAT3 TICAM1 AKT1 HIF1A MAPK11 MAPK3 MAP2K6 PIK3R1 CD247 PTPN6 CD3G NFATC3 TICAM2 ALK CSNK2B EGFR ZAP70 FOS CD28 MAP2K1 MAP2K2 CSNK2A1 PIK3CD KRAS EML4
Osteoclast differentiation,Organismal Systems,GAB2 AKT2 LCK MAP3K7 MAPK8 JAK1 NFATC1 STAT2 ITGB3 MAPK14 RELA FOSL2 RAC1 RELB PIK3R3 CAMK4 AKT1 TYK2 SIRPA CSF1R FHL2 JUND CREB1 STAT1 MAPK9 MAPK12 TRAF2 TGFBR1 SOCS1 TYROBP IFNGR1 BLNK CHUK FOSB MAP3K14 MAP2K6 NCF1 PLCG2 MAP2K1 JUNB MAPK10 NFKBIA CYBA NCF2 PPARG MAPK1 MAPK13 IFNAR1 JUN SOCS3 PIK3R1 TGFBR2 LCP2 MAP2K7 FCGR2C FOS PIK3CD TEC NFKB1 MITF TRAF6 SYK NFKB2 AKT3 FOSL1 TNFRSF1A GRB2 IKBKB FCGR2B SPI1 IKBKG MAPK11 MAPK3 BTK TAB1 CYLD FCGR2A SQSTM1 PIK3CB FYN TNF NCF4
Autophagy,Cellular Processes,ATG16L1 AKT2 HMGB1 MTOR RRAS2 PTEN MAP3K7 PRKCQ MAPK8 LAMP2 SNAP29 IRS1 CAMKK2 TSC1 PIK3R3 AKT1 RAB8A STX17 ATG9A DEPTOR KRAS PPP2CA MAPK9 PIK3C3 AMBRA1 NRAS RPS6KB2 ATG4B EIF2S1 BNIP3 UVRAG HIF1A ATG14 SMCR8 MAP2K1 AKT1S1 ATG5 CFLAR BECN1 RPS6KB1 MAPK10 HRAS SH3GLB1 MAPK1 PDPK1 BAD RAB1A BCL2L1 PRKCD PIK3R1 IRS4 PRKACA GABARAPL2 TSC2 PRKAA2 BCL2 PIK3CD TRAF6 ERN1 AKT3 PRKAA1 NRBF2 ATG101 EIF2AK3 DAPK2 DAPK3 RAF1 RPTOR MAPK3 ATG13 RRAS STK11 ULK1 TBK1 IRS2 IGF1R ITPR1 MAP2K2 DAPK1 RB1CC1 RRAGC ULK2 SQSTM1 PIK3CB RHEB
Regulation of actin cytoskeleton,Cellular Processes,SRC ARHGEF4 RRAS2 PIP4K2B ARPC5 BDKRB2 PDGFRA ITGB3 ITGA2 GSN LIMK2 PTK2 RAC1 GNA13 PFN1 MYH10 PIK3R3 MYH9 CRK PIP5K1C SSH1 CRKL FGF2 KRAS FGFR1 IQGAP2 GIT1 RDX ARAF DIAPH1 PPP1CA ROCK1 NRAS FGFR4 BCAR1 PAK1 EGFR FN1 MSN MYL12A PPP1R12C MAP2K1 PAK6 PXN ROCK2 DIAPH3 ITGB2 FGFR3 SLC9A1 LIMK1 CDC42 PIKFYVE HRAS PDGFRB MYL12B PPP1R12A MAPK1 PAK4 CFL1 TIAM1 EZR BRAF PIP5K1B ACTN1 IQGAP1 RHOA ARHGEF7 FGFR2 MYL2 ARHGEF6 PIK3R1 CXCR4 VAV2 ITGB1 VAV1 PIP4K2C ITGA4 WASF2 MYL9 PIK3CD CFL2 PIP4K2A CHRM2 ITGB7 MYLK WASF1 SSH3 PPP1R12B ARHGAP35 ACTR2 ITGB5 BAIAP2 APC PAK5 VAV3 RAF1 VCL MAPK3 RRAS WASL FGF1 PAK3 ARHGEF1 MAP2K2 DOCK1 PAK2 ARPC1B SOS1 ITGB4 PIK3CB PPP1CC
Measles,Human Diseases,AKT2 MAP3K7 MAPK8 JAK1 CBLB STAT2 GSK3B RELA IL2RB PIK3R3 AKT1 TYK2 CDK2 CSNK2B CCND3 CASP3 CD28 IRAK1 APAF1 RCHY1 CSNK2A1 CCNE1 BAX STAT5B STAT1 CDKN1B HSPA1L CASP9 JAK3 MAPK9 MAVS EIF2S1 CHUK ADAR IRF3 MSN BBC3 HSPA1A RACK1 IFIH1 CYCS MAPK10 NFKBIA NFKBIB BAK1 TNFAIP3 BAD CDK4 IFNAR1 CD3E IRAK4 TRAF3 BCL2L1 JUN PIK3R1 CCND2 IRF7 BID FOS FADD BCL2 CASP8 PIK3CD CCND1 NFKB1 STAT5A TRAF6 CD46 TLR4 AKT3 SLAMF1 IKBKB FCGR2B IKBKE EIF2AK3 IKBKG TP53 IL2RA STAT3 EIF2AK2 TP73 CD3G TBK1 CDK6 PIK3CB
Hepatitis C,Human Diseases,AKT2 CLDN7 JAK1 MYC STAT2 GSK3B E2F1 YWHAQ RELA OCLN PIK3R3 YWHAG CLDN4 AKT1 TYK2 CDK2 TICAM1 CASP3 CLDN1 APAF1 BAX KRAS RB1 STAT1 ARAF CASP9 PPP2CA TRAF2 MAVS NRAS EIF2S1 CHUK CLDN11 YWHAE IRF3 PSME3 EGFR YWHAZ MAP2K1 CFLAR RXRA YWHAB CYCS NFKBIA HRAS MAPK1 BAK1 BAD CDK4 IFNAR1 TRAF3 BRAF CLDN3 SOCS3 PIK3R1 IRF7 BID TLR3 FADD PPARA NR1H3 CASP8 PIK3CD CCND1 NFKB1 TRAF6 CDKN1A AKT3 TNFRSF1A E2F3 GRB2 IKBKB PIAS1 IKBKE EIF2AK3 IKBKG RIPK1 TP53 PPP2R2B RAF1 STAT3 EIF2AK2 MAPK3 TBK1 MAP2K2 CDK6 SOS1 PIK3CB CTNNB1 TNF
Apoptosis,Cellular Processes,TUBA1A AKT2 MAPK8 TUBA4A RELA PIK3R3 LMNB1 AKT1 DIABLO SPTAN1 CASP3 NGFR APAF1 BAX KRAS MCL1 CASP9 MAPK9 TRAF2 NRAS EIF2S1 CHUK PARP1 MAP3K14 BBC3 MAP2K1 CFLAR PMAIP1 ATM CASP7 NTRK1 BECN1 ENDOG CYCS MAPK10 NFKBIA HRAS MAPK1 BAK1 MAP3K5 TUBA1C PDPK1 BAD PIDD1 XIAP BCL2L1 JUN BIRC5 AIFM1 DDIT3 HTRA2 PIK3R1 BID CASP6 ATF4 FOS CAPN2 FADD BCL2 CASP8 PIK3CD NFKB1 CSF2RB CAPN1 ERN1 LMNA AKT3 BCL2L11 TNFRSF1A IKBKB DAXX EIF2AK3 IKBKG RIPK1 CASP2 TP53 RAF1 TUBA1B MAPK3 LMNB2 ITPR1 MAP2K2 DAB2IP PIK3CB TNF
Ras signaling pathway,Environmental Information Processing,GAB2 AKT2 RASGRP1 GAB1 RRAS2 MET MAPK8 PDGFRA PLCG1 RELA RASSF1 GRIN2A RASAL2 RAC1 PTPN11 PIK3R3 ELK1 RAP1B AKT1 ABL2 INSR RAB5B EPHA2 CSF1R NF1 NGFR FGF2 GRIN1 KRAS RASGRP3 KSR1 FGFR1 RASGRF2 SHC1 MAPK9 RIN1 PLA2G4A NRAS CHUK FGFR4 SHC3 GRIN2B TEK PAK1 AFDN PRKCA EGFR RALBP1 PLCG2 MAP2K1 CALM1 ETS1 PAK6 RALA NTRK1 ETS2 FGFR3 CDC42 MAPK10 HRAS PDGFRB RASGRP2 MAPK1 FLT3 PAK4 TIAM1 BAD BCL2L1 FLT1 RHOA FOXO4 FGFR2 LAT SHOC2 BDNF RASGRF1 KDR PIK3R1 RAP1A PRKCB PRKACA PLD1 RALB KIT SYNGAP1 PIK3CD RAB5A SHC4 FLT4 NFKB1 ABL1 AKT3 NTRK2 PLD2 GRB2 IKBKB REL PAK5 IKBKG RAF1 MAPK3 RRAS FGF1 TBK1 ZAP70 IGF1R PAK3 MAP2K2 PAK2 STK4 RASA1 SOS1 PIK3CB
Prostate cancer,Human Diseases,FGFR1 CREB1 AKT2 CDKN1B CREBBP PIK3CB MTOR ARAF CASP9 NFKBIA PDGFRB PTEN HRAS CDKN1A AKT3 MAPK1 ZEB1 PDGFRA E2F3 NRAS GRB2 GSK3B PDPK1 IKBKB E2F1 BAD RELA BRAF FOXO1 CHUK PIK3R3 ERBB2 IKBKG TCF7L2 TP53 FGFR2 RAF1 AKT1 CDK2 MAPK3 PIK3R1 AR KRAS HSP90B1 EP300 EGFR ATF4 HSP90AA1 IGF1R ETV5 MAP2K1 MAP2K2 PLAU GSTP1 MDM2 CCNE1 ERG HSP90AB1 BCL2 PIK3CD NKX3-1 LEF1 CCND1 RB1 CREB3 SOS1 CTNNB1 NFKB1
Pancreatic cancer,Human Diseases,STAT1 AKT2 RPS6KB1 SMAD4 CDC42 MTOR ARAF CASP9 MAPK10 MAPK9 CDKN1A AKT3 MAPK8 MAPK1 JAK1 TGFBR1 BAK1 E2F3 PLD2 RAD51 IKBKB E2F1 RPS6KB2 BAD CDK4 RELA RAC1 BRCA2 BRAF BCL2L1 ERBB2 PIK3R3 CHUK IKBKG TP53 NFKB1 RAF1 STAT3 AKT1 ARHGEF6 MAPK3 PIK3R1 CDKN2A KRAS TGFBR2 EGFR RALBP1 SMAD2 SMAD3 PLD1 MAP2K1 RALB RALA CDK6 PIK3CD BAX CCND1 PIK3CB RB1
Human cytomegalovirus infection,Human Diseases,AKT2 SRC PLCB1 MTOR HLA-B JAK1 PTGS2 MYC NFATC1 PDGFRA ITGB3 GSK3B E2F1 MAPK14 RELA PTK2 RAC1 GNA13 TSC1 PIK3R3 ELK1 RHEB AKT1 CRK STING1 CASP3 PLCB3 CRKL MDM2 BAX KRAS RB1 HLA-A CREB1 CASP9 MAPK12 TRAF2 ROCK1 NRAS IL10RA GNAI2 RPS6KB2 AKAP13 CHUK CGAS BCAR1 MAP2K6 IRF3 PRKCA EGFR MAP2K1 CALM1 PXN ROCK2 SP1 RPS6KB1 CYCS NFKBIA HRAS MAPK1 BAK1 PTK2B MAPK13 EIF4EBP1 CDK4 NFATC4 ATF2 RHOA PIK3R1 CXCR4 BID PRKCB NFATC3 ATF4 PRKACA FADD TSC2 ADCY3 CASP8 PIK3CD CCND1 NFKB1 CDKN1A AKT3 TNFRSF1A E2F3 GNAI1 GRB2 IKBKB PDIA3 IKBKG RIPK1 TP53 RAF1 STAT3 MAPK11 MAPK3 CDKN2A TBK1 ARHGEF1 ITPR1 MAP2K2 CDK6 CCR5 CREB3 SOS1 PIK3CB CTNNB1 TNF
Human papillomavirus infection,Human Diseases,RBL1 AKT2 MTOR HLA-B PTEN NOTCH2 JAK1 PTGS2 CSNK1A1 HES5 STAT2 ITGB3 GSK3B ITGA2 E2F1 RELA PPP2R5A NOTCH1 HES1 PTK2 COL4A3 PKM PIK3R3 TSC1 PPP2R5D RHEB AKT1 TICAM1 TYK2 CDK2 EP300 FZD3 CCND3 HDAC1 CASP3 MDM2 FZD6 AXIN2 CCNE1 BAX RB1 KRAS HLA-A PARD6A CREB1 STAT1 CDKN1B CREBBP PPP2CA NRAS RPS6KB2 PPP2R5C PRKCI CHUK RBL2 TCF7L2 DLG1 RBPJ IRF3 EGFR FN1 MAP2K1 PXN SPP1 ATM PRKCZ RPS6KB1 CDC42 PDGFRB HRAS HDAC2 MAPK1 BAK1 TUBG2 LLGL1 EIF4EBP1 BAD CDK4 IFNAR1 TRAF3 CCNA2 PARD3 VTN UBE3A PIK3R1 ITGB1 CCND2 TLR3 ITGA4 DLG3 PRKACA FADD TSC2 SCRIB CASP8 PIK3CD AXIN1 CCND1 CHD4 ITGB7 NFKB1 MAGI1 PSEN1 CDKN1A LAMC1 AKT3 UBR4 TNFRSF1A GRB2 IKBKB ITGB5 IKBKE DLG2 TERT TUBG1 APC FOXO1 IKBKG DVL3 TP53 PPP2R2B RAF1 ATR EIF2AK2 MAPK3 HES6 DVL2 TBK1 IRF1 MAP2K2 CDK6 CREB3 SOS1 PIK3CB ITGB4 CTNNB1 TNF
Alzheimer disease,Human Diseases,NDUFB6 TUBA1A FRAT1 AKT2 PSMD3 PLCB1 MTOR ATF6 TUBB3 BACE1 GRM5 MAPK8 PTGS2 CSNK1A1 MME GSK3B TUBA4A RELA AGER GRIN2A GAPDH ATP2A2 IRS1 PIK3R3 AKT1 INSR LRP6 SLC25A5 CSNK2B FZD3 CASP3 PLCB3 NDUFS4 APAF1 FZD6 PSMA5 AXIN2 CSNK2A1 GRIN1 NCSTN NDUFS2 KRAS ARAF CASP9 MAPK9 PIK3C3 TRAF2 AMBRA1 NRAS KLC2 NDUFV3 TUBB2A SNCA KLC1 EIF2S1 CHUK PPIF APOE GRIN2B APBB1 ATG14 PSEN2 MAP2K1 CALM1 RTN4 PSMA7 CASP7 BECN1 CACNA1C MAPT ATP5F1C NOX4 CYCS MAPK10 HRAS MAPK1 MCU MAP3K5 TUBA1C CDK5 NDUFV1 TUBB BAD BRAF VDAC2 DDIT3 CDK5R1 PIK3R1 BID IRS4 MAP2K7 CHRNA7 ATF4 KLC4 PSMA3 SLC25A4 CAPN2 FADD NOS1 CASP8 PIK3CD AXIN1 NFKB1 NDUFV2 PSMC5 CAPN1 PSEN1 ERN1 AKT3 NRBF2 LRP1 TNFRSF1A CSNK1E ATG101 IKBKB SDHA PSMD11 APP EIF2AK3 APC VDAC1 NDUFA12 DVL3 XBP1 RAF1 TUBA1B EIF2AK2 MAPK3 ATG13 DVL2 ULK1 IRS2 ITPR1 MAP2K2 RB1CC1 PSMD2 CTNNB1 ULK2 NOS2 PIK3CB PSMC4 ADAM17 TNF
Colorectal cancer,Human Diseases,AKT2 RPS6KB1 SMAD4 PIK3CB MTOR ARAF CASP9 CYCS MAPK10 MAPK9 HRAS APPL1 CDKN1A AKT3 MAPK8 MAPK1 BCL2L11 TGFBR1 MYC BAK1 NRAS GRB2 GSK3B RPS6KB2 BAD RAC1 BRAF JUN APC PIK3R3 TCF7L2 RHOA TP53 RAF1 MLH1 AKT1 BIRC5 MAPK3 PIK3R1 TGFBR2 EGFR BBC3 FOS SMAD2 CASP3 SMAD3 MAP2K1 RALB MAP2K2 AXIN2 RALA PMAIP1 BCL2 PIK3CD AXIN1 BAX LEF1 KRAS CCND1 SOS1 CTNNB1
cAMP signaling pathway,Environmental Information Processing,AKT2 GLI1 RRAS2 MAPK8 NFATC1 RELA GRIN2A RAC1 ATP2A2 GRIA4 PIK3R3 CAMK2A RAPGEF3 CAMK4 RAP1B AKT1 HCN4 NPR1 PDE4C EP300 ATP2B1 PDE4A GLI3 GRIN1 CAMK2B LIPE CREB1 CREBBP ADRB2 MAPK9 CAMK2G PPP1CA CAMK2D ROCK1 TNNI3 GNAI2 HTR1A SSTR5 GRIN2B SSTR2 HTR6 PAK1 PDE3A AFDN MAP2K1 CALM1 PLN ROCK2 CACNA1C SLC9A1 GRIA2 MAPK10 NFKBIA PPP1R12A MAPK1 GHRL DRD2 TIAM1 BAD BRAF JUN ATP2B4 RHOA BDNF RYR2 PIK3R1 RAP1A VAV2 VAV1 FOS PRKACA PLD1 FXYD1 PPARA MYL9 ADCY3 SOX9 PIK3CD CHRM2 NFKB1 OXTR AKT3 CFTR PLD2 GNAI1 PDE3B PPP1R1B PDE10A VAV3 RAF1 PDE4B ATP2B2 GRIA1 MAPK3 RRAS EDNRA PDE4D ORAI1 MAP2K2 ADRB1 ATP1A1 CREB3 PIK3CB PPP1CC
Insulin resistance,Human Diseases,CREB1 AKT2 ACACB RPS6KB1 PIK3CB PPP1R3A MTOR TNF MAPK10 PPP1R3C NOS3 PTEN MAPK9 NFKBIA PPP1CA GFPT1 PRKCQ MAPK8 PRKAB1 AKT3 PRKAA1 TNFRSF1A GSK3B PDPK1 IKBKB RPS6KB2 RELA PTPN1 IRS1 FOXO1 PTPN11 PIK3R3 PRKCD PCK1 RPS6KA3 SOCS3 NFKB1 TBC1D4 MLXIPL RPS6KA2 STAT3 AKT1 INSR PYGB PIK3R1 OGT RPS6KA1 PRKCB SLC2A2 RPS6KA6 CRTC2 PTPRF PRKAG1 SLC2A1 IRS2 SLC2A4 PPARGC1A PPARA SREBF1 NR1H3 NR1H2 PRKAA2 GYS1 PIK3CD CREB3 PRKCZ CD36 PPP1CC PRKCE
Rap1 signaling pathway,Environmental Information Processing,AKT2 SRC PLCB1 MET PDGFRA ITGB3 SKAP1 PLCG1 MAPK14 GRIN2A RAC1 RGS14 PFN1 CTNND1 PIK3R3 RAPGEF3 FPR1 RAP1B AKT1 INSR CRK FYB1 EPHA2 CSF1R NGFR PLCB3 CRKL FGF2 TLN1 GRIN1 KRAS RASGRP3 PARD6A FGFR1 MAPK12 NRAS GNAI2 PRKCI FGFR4 GRIN2B BCAR1 TEK MAP2K6 RAPGEF1 PRKD2 AFDN PRKCA EGFR MAP2K1 CALM1 RALA ITGB2 PRKCZ FGFR3 CDC42 HRAS PDGFRB ID1 RASGRP2 MAPK1 DRD2 MAPK13 TIAM1 BRAF FLT1 RHOA PARD3 RAPGEF2 FGFR2 LAT KDR PIK3R1 RAP1A VAV2 ITGB1 LCP2 PRKCB VAV1 RALB VASP KIT ADCY3 PIK3CD FLT4 PRKD1 PRKD3 MAGI1 AKT3 GNAI1 VAV3 MAP2K3 RAF1 MAPK11 MAPK3 RRAS FGF1 IGF1R MAP2K2 CDH1 RAP1GAP PIK3CB CTNNB1
Fc gamma R-mediated phagocytosis,Organismal Systems,GAB2 LIMK1 AKT2 RPS6KB1 SYK MARCKSL1 CDC42 HCK DNM2 PLA2G4A ARPC5 AKT3 MAPK1 WASF1 INPPL1 PLD2 ACTR2 PLCG1 CFL1 GSN LIMK2 RPS6KB2 LYN FCGR2B RAC1 PIP5K1B PIK3R3 PRKCD SPHK2 VAV3 LAT WASF3 RAF1 AKT1 BIN1 CRK MAPK3 PIK3R1 VAV2 PAK1 PRKCB VAV1 MARCKS NCF1 PRKCA PTPRC PIP5K1C PLCG2 MAP2K1 SPHK1 PLD1 CRKL WASF2 DOCK1 VASP FCGR2A ASAP3 ARPC1B AMPH PIK3CD CFL2 PIK3CB WAS PRKCE
Pathogenic Escherichia coli infection,Human Diseases,TUBA1A CLDN7 PYCARD SRC TUBB3 MAP3K7 ARPC5 MAPK8 MAPK14 TUBA4A RELA OCLN RAC1 GAPDH GNA13 MYH10 BAIAP2L1 PTPN11 CLDN4 MYH9 TLR5 CASP3 CLDN1 IRAK1 CASP1 WIPF1 BAX TAB3 MYO6 CASP9 MAPK9 MAPK12 TRAF2 ROCK1 TUBB2A ABI1 CHUK CLDN11 PAK1 HCLS1 ROCK2 NCK1 CASP7 CDC42 CYCS MAPK10 NFKBIA MAPK1 NFKBIB BAK1 TUBA1C TIRAP MAPK13 TUBB EZR IRAK4 RAB1A JUN CLDN3 RHOA WASF3 NCL ITGB1 RPS3 CYTH2 FOS FADD WASF2 CASP8 NFKB1 TRAF6 CTTN TLR4 NLRP3 ABL1 ARHGEF2 WASF1 TNFRSF1A ACTR2 CYTH1 IKBKB BAIAP2 IKBKG RIPK1 MAPK11 TUBA1B MAPK3 PTPN6 WASL PAK3 ARHGEF1 TAB1 FCGR2A PAK2 ARPC1B FYN TNF
"Growth hormone synthesis, secretion and action",Organismal Systems,CREB1 AKT2 STAT1 CREBBP PIK3CB MTOR PLCB1 MAPK10 SHC1 MAPK12 MAPK9 HRAS AKT3 MAPK8 MAPK1 NRAS SOCS1 GSK3B PLCG1 GHRL MAPK13 GNAI1 GNAI2 MAPK14 GRB2 JAK2 PTK2 ATF2 IRS1 PIK3R3 SSTR5 SOCS3 MAP2K3 SHC3 RAF1 STAT3 AKT1 BCAR1 CRK SSTR2 MAPK11 MAP2K4 MAPK3 MAP2K6 PIK3R1 PRKCB IRS4 EP300 PRKCA ATF4 IRS2 FOS PRKACA PLCG2 MAP2K1 ITPR1 PLCB3 MAP2K2 CRKL JUNB GHR MAP3K1 ADCY3 PIK3CD CREB3 STAT5B KRAS SHC4 SOS1 CACNA1C STAT5A IGFBP3
Longevity regulating pathway,Organismal Systems,CREB1 AKT2 CAT RPS6KB1 ADIPOR1 PIK3CB MTOR HSPA1L SOD1 APPL1 SIRT1 PRKAB1 HRAS HDAC2 AKT3 PPARG PRKAA1 NRAS ATG101 RPS6KB2 EIF4EBP1 RELA ATF2 IRS1 CRYAB FOXO1 CAMKK2 TSC1 PIK3R3 CAMK4 TP53 FOXA2 SESN2 FOXO3 RPTOR RHEB AKT1 INSR PIK3R1 EHMT2 ATG13 STK11 ULK1 IRS4 ATF4 PRKAG1 IRS2 IGF1R HDAC1 PRKACA EIF4E RB1CC1 PPARGC1A AKT1S1 ATG5 SOD2 TSC2 HSPA1A PRKAA2 ADCY3 PIK3CD BAX CREB3 KRAS NFKB1
Acute myeloid leukemia,Human Diseases,AKT2 RPS6KB1 MTOR ARAF HRAS RUNX1 AKT3 MAPK1 MYC FLT3 NRAS GRB2 IKBKB RPS6KB2 BAD RELA EIF4EBP1 BRAF CCNA2 SPI1 CHUK PIK3R3 IKBKG TCF7L2 CEBPA NFKB1 RAF1 STAT3 AKT1 MAPK3 PIK3R1 KRAS RARA CSF1R PIM1 JUP MAP2K1 PPARD MAP2K2 KIT DUSP6 PER2 ZBTB16 PIK3CD SOS1 STAT5B PIK3CB LEF1 CCND1 PML STAT5A
C-type lectin receptor signaling pathway,Organismal Systems,STAT1 PYCARD AKT2 SRC SYK PIK3CB RRAS2 MAPK10 NFKBIA MAPK9 MAPK12 HRAS NLRP3 NFKB2 AKT3 MAPK8 MAPK1 PTGS2 CBLB NFATC1 STAT2 NRAS CARD9 FCER1G MAPK13 IKBKB MAPK14 RELA BCL3 NFATC4 IKBKE RELB JUN PTPN11 PIK3R3 CHUK PRKCD IKBKG RHOA RAF1 AKT1 MAPK11 MAP3K14 MAPK3 PIK3R1 MALT1 RRAS PAK1 BCL10 NFATC3 TNF LSP1 PLCG2 CALM1 ITPR1 IRF1 CASP1 MDM2 CYLD MAPKAPK2 CASP8 PIK3CD KRAS NFKB1 KSR1
Renal cell carcinoma,Human Diseases,AKT2 CREBBP CDC42 ARAF GAB1 EPAS1 TFE3 EGLN1 CDKN1A HRAS MET AKT3 MAPK1 NRAS PAK4 GRB2 FH BAD RAC1 BRAF JUN PTPN11 PIK3R3 PAK5 EGLN2 RAF1 RAP1B ARNT AKT1 HIF1A CRK MAPK3 PIK3R1 RAPGEF1 RAP1A PAK1 KRAS VHL EP300 SLC2A1 PAK3 MAP2K1 MAP2K2 FLCN CRKL ETS1 PAK6 PAK2 PIK3CD SOS1 PIK3CB
AGE-RAGE signaling pathway in diabetic complications,Human Diseases,STAT1 AKT2 CDKN1B SMAD4 NOX4 PLCB1 CDC42 PIK3CB DIAPH1 NOS3 MAPK9 MAPK12 MAPK10 HRAS TNF AKT3 MAPK8 MAPK1 TGFBR1 NFATC1 NRAS PLCG1 PRKCZ MAPK13 MMP2 MAPK14 RELA CDK4 AGER COL4A3 EGR1 RAC1 JAK2 JUN FOXO1 PIK3R3 PRKCD STAT3 AKT1 MAPK11 MAPK3 PIK3R1 F3 TGFBR2 PRKCB PRKCA FN1 SMAD2 PIM1 SMAD3 CASP3 PLCG2 PLCB3 AGTR1 BCL2 PIK3CD BAX STAT5B KRAS CCND1 NFKB1 PRKCE STAT5A
AMPK signaling pathway,Environmental Information Processing,CREB1 AKT2 ACACB RPS6KB1 ADIPOR1 MTOR TBC1D1 PPP2CA SIRT1 PRKAB1 PFKFB2 PFKFB3 MAP3K7 SCD AKT3 PPARG CFTR PRKAA1 PFKP PDPK1 EEF2 RPS6KB2 EIF4EBP1 PPP2R5A HMGCR FBP1 PPP2R5C IRS1 CCNA2 FOXO1 CAMKK2 TSC1 PPP2R5D PIK3R3 PCK1 PPP2R2B RPTOR FOXO3 AKT1 INSR RAB8A PIK3R1 STK11 ULK1 IRS4 CRTC2 PRKAG1 IRS2 IGF1R STRADA SLC2A4 PPARGC1A PFKM AKT1S1 ELAVL1 EEF2K ACACA TSC2 SREBF1 PRKAA2 GYS1 PIK3CD RAB10 CCND1 CREB3 PIK3CB HNF4A CD36 RHEB LIPE
HIF-1 signaling pathway,Environmental Information Processing,AKT2 CDKN1B CREBBP RPS6KB1 MTOR PGK1 HK1 NOS3 TLR4 CAMK2G EGLN1 CDKN1A PFKFB3 AKT3 MAPK1 CAMK2D PFKP PLCG1 IFNGR1 RPS6KB2 EIF4EBP1 RELA LDHA GAPDH ERBB2 PIK3R3 CAMK2A FLT1 EGLN2 ARNT STAT3 AKT1 HIF1A INSR HK2 MAPK3 TEK PIK3R1 PDHA1 RPS6 PRKCB VHL EP300 PRKCA EGFR SLC2A1 MKNK1 IGF1R PLCG2 MAP2K1 EIF4E PDK1 MKNK2 MAP2K2 PFKM LDHB TFRC ENO1 BCL2 PIK3CD CAMK2B NOS2 PIK3CB PDHA2 NFKB1 HMOX1
Non-small cell lung cancer,Human Diseases,AKT2 PIK3CB CASP9 JAK3 ARAF HRAS CDKN1A MET AKT3 MAPK1 BAK1 E2F3 NRAS GRB2 PDPK1 PLCG1 E2F1 BAD CDK4 RASSF1 BRAF ERBB2 PIK3R3 TP53 RAF1 FHIT FOXO3 RET AKT1 STAT3 MAPK3 PIK3R1 CDKN2A PRKCB ALK PRKCA EGFR PLCG2 MAP2K1 MAP2K2 RXRA CDK6 STK4 RB1 PIK3CD BAX STAT5B KRAS SOS1 CCND1 EML4 STAT5A
Chemokine signaling pathway,Organismal Systems,GRK5 AKT2 SRC PLCB1 STAT2 GSK3B PLCG1 RELA PTK2 RAC1 PIK3R3 RAP1B FOXO3 AKT1 CRK PIK3CG PLCB3 CRKL STAT5B KRAS STAT1 JAK3 SHC1 GRK6 ROCK1 NRAS GNAI2 FGR ELMO1 CHUK SHC3 ITK BCAR1 PAK1 NCF1 PLCG2 MAP2K1 PXN ROCK2 PREX1 PRKCZ WAS CCR2 GRK4 CDC42 NFKBIA HRAS RASGRP2 MAPK1 NFKBIB PTK2B TIAM1 PIK3R6 BAD BRAF PRKCD RHOA PARD3 GRK1 PIK3R1 RAP1A VAV2 CXCR4 PRKCB VAV1 ARRB2 PRKACA ADCY3 PIK3CD ARRB1 SHC4 NFKB1 GRK7 HCK AKT3 CCR7 GSK3A GNAI1 GRB2 IKBKB LYN JAK2 DOCK2 VAV3 IKBKG RAF1 STAT3 MAPK3 CCR5 GRK2 SOS1 PIK3CB
Sphingolipid signaling pathway,Environmental Information Processing,GAB2 AKT2 PLCB1 TNF MAPK10 NOS3 PPP2CA PTEN MAPK12 MAPK9 BDKRB2 HRAS MAPK8 TRAF2 MAPK1 AKT3 ROCK1 TNFRSF1A MAP3K5 NRAS FCER1G PLD2 PDPK1 PRKCZ MAPK13 GNAI1 GNAI2 MAPK14 RELA PPP2R5A RAC1 GNA13 PPP2R5C PPP2R5D PIK3R3 SPHK2 RHOA OPRD1 TP53 PPP2R2B RAF1 AKT1 MAPK11 S1PR1 MAPK3 SPTLC1 PIK3R1 BID KRAS PRKCB PRKCA SMPD1 SPHK1 MAP2K1 PLD1 PLCB3 MAP2K2 CERS6 ABCC1 ROCK2 CERS5 BCL2 PIK3CD BAX CERS4 PIK3CB FYN NFKB1 PRKCE
Tight junction,Cellular Processes,TUBA1A CLDN7 SRC ARPC5 MAPK8 TUBA4A OCLN RAC1 MYH10 CLDN4 MYH9 RAB8A YBX3 CLDN1 NF2 PARD6A NEDD4L AMOTL1 RDX PPP2CA MAPK9 RUNX1 ROCK1 PRKCI CLDN11 DLG1 NEDD4 AFDN MSN PRKAG1 MYL12A HCLS1 ROCK2 PRKCZ WAS CDC42 MAPK10 PRKAB1 MYL12B SYMPK MAP3K5 TUBA1C AMOT LLGL1 TIAM1 CDK4 EZR JUN ACTN1 ERBB2 CLDN3 RHOA PARD3 RAPGEF2 MYL2 GATA4 RAP1A ITGB1 MAP2K7 PCNA DLG3 PRKACA VASP MAP3K1 MYL9 SCRIB PRKAA2 CCND1 AMOTL2 MAGI1 CTTN CFTR PRKAA1 ARHGEF2 ACTR2 DLG2 ARHGAP17 PPP2R2B TUBA1B STK11 F11R ARPC1B CGN PRKCE
Thyroid hormone signaling pathway,Organismal Systems,SLC9A1 KAT2A STAT1 AKT2 CREBBP SRC PIK3CB NCOA2 PLCB1 MTOR CASP9 HRAS PFKFB2 HDAC2 NCOA1 NOTCH2 MAPK1 HDAC3 AKT3 NCOA3 MYC ITGB3 NRAS GSK3B PFKP PLCG1 PDPK1 BAD NOTCH1 RCAN1 SIN3A KAT2B ATP2A2 FOXO1 PIK3R3 MED1 TP53 RAF1 TBC1D4 GATA4 AKT1 HIF1A MAPK3 PIK3R1 PRKCB EP300 PRKCA SLC2A1 HDAC1 PLCG2 MAP2K1 PRKACA ESR1 PLCB3 MAP2K2 PFKM MDM2 THRB PLN NCOR1 TSC2 RXRA MED14 ATP1A1 PIK3CD CCND1 KRAS CTNNB1 RHEB
Transcriptional misregulation in cancer,Human Diseases,MET KLF3 ATF1 MYC MYCN RELA IL2RB SIN3A PTK2 MLLT1 KMT2A CEBPA FUS LYL1 RUNX2 HHEX H3-3B RARA CEBPB CSF1R ETV5 HDAC1 CDK9 NGFR MDM2 HMGA2 NCOR1 ELK4 ZBTB16 NSD2 MEN1 BAX CDKN1B NR4A3 ETV6 EYA1 TFE3 CCNT1 RUNX1 BCL11B SMAD1 PAX8 RXRA ERG ATM NTRK1 SP1 MAX MEF2C HDAC2 PPARG BAK1 FLT3 BCL2L1 CCNA2 BCL6 ID2 FLT1 DDIT3 CCND2 TGFBR2 HOXA11 BMI1 JUP PLAU TCF3 DUSP6 PER2 ITGB7 PML NFKB1 IGFBP3 H3C12 MITF CDKN1A ZEB1 DDX5 EWSR1 ETV1 REL FLI1 FOXO1 SPI1 PROM1 TP53 WT1 H3-4 PAX3 IGF1R H3C15
Endocytosis,Cellular Processes,GRK5 SRC EPN1 STAM2 WASHC2A HLA-B RAB11FIP2 IGF2R ARPC5 CBLB PDGFRA IL2RB RAB8A RAB5B AP2M1 RAB11FIP3 PIP5K1C SMAD3 CAPZA1 WIPF1 MDM2 TFRC ARFGEF1 HLA-A PARD6A CBL NEDD4L GIT1 HSPA1L GRK6 RUFY1 TGFBR1 PRKCI FGFR4 RAB11FIP1 NEDD4 SMURF2 EGFR CHMP7 HSPA1A ASAP3 AMPH PRKCZ FGFR3 RAB11FIP5 GRK4 CDC42 ITCH HRAS DNM2 SH3GLB1 CAV1 SH3GL1 RBSN AP2B1 PIP5K1B CLTB RHOA PARD3 RAB11A FGFR2 GRK1 ARAP1 CBLC CXCR4 CHMP4C ACAP1 TGFBR2 CAV2 PDCD6IP EPS15 ARRB2 CYTH2 GIT2 SH3GL2 PLD1 HGS DNM1 USP8 ARRB1 RAB5A RNF41 PML GRK7 TRAF6 PLD2 ACTR2 CYTH1 GBF1 STAMBP DAB2 IL2RA RAB4A BIN1 AGAP2 EEA1 DNAJC6 WASL SMAD2 IGF1R RABEP1 CAPZB ARPC1B CLTC CCR5 GRK2 RAB10
Prolactin signaling pathway,Organismal Systems,STAT1 AKT2 CYP17A1 SRC MAPK10 SHC1 MAPK12 MAPK9 HRAS AKT3 MAPK8 MAPK1 NRAS SOCS1 GRB2 GSK3B MAPK13 MAPK14 RELA JAK2 ESR2 PIK3R3 SOCS3 SHC3 RAF1 FOXO3 STAT3 MAPK11 AKT1 MAPK3 PIK3R1 CCND2 PRLR KRAS PRL SLC2A2 FOS MAP2K1 ESR1 IRF1 MAP2K2 TH PIK3CD SOS1 STAT5B PIK3CB CCND1 SHC4 NFKB1 STAT5A
Central carbon metabolism in cancer,Human Diseases,PGAM1 FGFR1 AKT2 IDH1 MTOR HK1 PDGFRB PTEN HRAS MET AKT3 MAPK1 MYC PDGFRA SIRT6 NRAS SIRT3 PFKP FLT3 LDHA PKM ERBB2 PIK3R3 TP53 FGFR2 RAF1 RET AKT1 HIF1A HK2 MAPK3 PIK3R1 PDHA1 G6PD KRAS SLC2A2 EGFR SLC2A1 MAP2K1 PDK1 MAP2K2 PFKM LDHB KIT GLS PIK3CD NTRK1 PIK3CB PDHA2 FGFR3
Glioma,Human Diseases,AKT2 PIK3CB MTOR ARAF SHC1 PDGFRB CDKN1A PTEN HRAS AKT3 MAPK1 CAMK2G CAMK2D BAK1 E2F3 PDGFRA NRAS GRB2 PLCG1 E2F1 CDK4 BRAF PIK3R3 CAMK2A CAMK4 TP53 SHC3 CAMK1D RAF1 AKT1 MAPK3 PIK3R1 CDKN2A PRKCB PRKCA EGFR IGF1R PLCG2 MAP2K1 CALM1 MAP2K2 MDM2 CAMK1 CDK6 PIK3CD CAMK2B BAX SOS1 KRAS SHC4 CCND1 RB1
mTOR signaling pathway,Environmental Information Processing,AKT2 MTOR PTEN GSK3B LAMTOR4 IRS1 TSC1 PIK3R3 RPS6KA3 SESN2 AKT1 INSR RPS6 LRP6 DEPTOR FZD3 FZD6 GRB10 KRAS TBC1D7 TTI1 TNF EIF4B NRAS RPS6KB2 SGK1 CHUK CLIP1 RPS6KA1 SKP2 LPIN1 PRKCA FNIP1 MAP2K1 EIF4E FLCN AKT1S1 RPS6KB1 PRR5 HRAS DEPDC5 MAPK1 PDPK1 EIF4EBP1 BRAF RHOA PIK3R1 PRKCB TSC2 SLC3A2 MAPKAP1 PRKAA2 PIK3CD CASTOR1 RICTOR AKT3 PRKAA1 TNFRSF1A GRB2 TELO2 IKBKB DVL3 RAF1 RPTOR RPS6KA2 MAPK3 DVL2 STK11 ULK1 RPS6KA6 IGF1R STRADA MAP2K2 LAMTOR5 RRAGC ULK2 SOS1 PIK3CB RHEB
Adherens junction,Cellular Processes,FGFR1 CREBBP SRC SMAD4 CDC42 CTNNA1 SNAI1 MET MAP3K7 MAPK1 WASF1 PTPRJ TGFBR1 SNAI2 WAS BAIAP2 PTPN1 RAC1 ACTN1 CTNND1 IQGAP1 ERBB2 TCF7L2 RHOA PARD3 YES1 WASF3 VCL INSR LMO7 MAPK3 PTPN6 TGFBR2 WASL AFDN ACP1 PTPRF EP300 EGFR CSNK2B IGF1R SMAD3 NLK WASF2 CDH1 CSNK2A1 FER LEF1 FYN CTNNB1
Leukocyte transendothelial migration,Organismal Systems,CLDN7 CTNNA1 CDC42 MAPK12 MYL12B CYBA TXK NCF2 ROCK1 PTK2B ARHGAP35 GNAI1 PLCG1 MAPK13 MMP2 MAPK14 GNAI2 OCLN PTK2 RAC1 EZR PECAM1 CTNND1 PTPN11 PIK3R3 CLDN11 ACTN1 RAPGEF3 CLDN3 RHOA CLDN4 VAV3 RAP1B ARHGAP5 ITK MYL2 BCAR1 MAPK11 VCL PIK3R1 RAP1A VAV2 ITGB1 CXCR4 PRKCB VAV1 AFDN NCF1 PRKCA MSN ITGA4 MYL12A CDH5 PLCG2 CLDN1 VASP F11R PXN ROCK2 MYL9 PIK3CD ITGB2 PIK3CB CTNNB1 NCF4
Endometrial cancer,Human Diseases,AKT2 CTNNA1 CASP9 ARAF HRAS CDKN1A PTEN AKT3 MAPK1 BAK1 MYC NRAS GRB2 GSK3B PDPK1 BAD BRAF APC ERBB2 PIK3R3 ELK1 TCF7L2 TP53 RAF1 FOXO3 MLH1 AKT1 MAPK3 PIK3R1 KRAS EGFR MAP2K1 MAP2K2 ILK AXIN2 CDH1 PIK3CD AXIN1 BAX SOS1 PIK3CB LEF1 CCND1 CTNNB1
TNF signaling pathway,Environmental Information Processing,CREB1 AKT2 DNM1L ITCH MAPK10 NFKBIA MAPK9 MAPK12 TNF MAP3K7 RPS6KA4 MAPK8 TRAF2 PTGS2 MAPK1 AKT3 TNFRSF1A MAP3K5 MAPK13 IKBKB TNFAIP3 MAPK14 RELA BCL3 RIPK3 ATF2 TRAF3 JUN CHUK PIK3R3 IKBKG RIPK1 SOCS3 MAP2K3 AKT1 MAPK11 MAP3K14 MAP2K4 RPS6KA5 MAPK3 MAP2K6 PIK3R1 CEBPB MAP2K7 ATF4 MAP3K8 FOS MLKL CASP3 MAP2K1 IRF1 TAB1 MMP14 FADD JUNB CFLAR DAB2IP CASP8 CASP7 PIK3CD CREB3 PIK3CB TAB3 NFKB1
Hepatocellular carcinoma,Human Diseases,FRAT1 AKT2 MTOR GAB1 PTEN MET CSNK1A1 MYC GSK3B PLCG1 E2F1 PIK3R3 ELK1 AKT1 LRP6 FZD3 SMAD3 FZD6 AXIN2 BAX LEF1 KRAS RB1 HMOX1 SMAD4 ARAF SHC1 TGFBR1 NRAS RPS6KB2 TCF7L2 SHC3 NQO1 PRKCA EGFR ARID1A PLCG2 MAP2K1 KEAP1 RPS6KB1 HRAS MAPK1 BAK1 BAD CDK4 BCL2L1 BRAF DPF3 PIK3R1 TGFBR2 PRKCB GSTP1 SMARCA4 PIK3CD AXIN1 CCND1 SMARCC2 SHC4 CDKN1A AKT3 E2F3 GRB2 TERT APC DVL3 TP53 RAF1 GSTA4 MAPK3 CDKN2A DVL2 SMAD2 IGF1R MAP2K2 NFE2L2 SMARCD3 CDK6 PBRM1 SOS1 PIK3CB CTNNB1
Axon guidance,Organismal Systems,EPHA4 SRC LRRC4C MET GSK3B PLCG1 FES LIMK2 PTK2 RAC1 PTPN11 PIK3R3 CAMK2A EPHA8 EPHA2 FZD3 SSH1 ILK CAMK2B KRAS PARD6A CAMK2G CAMK2D ROCK1 NRAS GNAI2 ROBO3 TRPC3 PLXNB1 ROBO1 PAK1 PRKCA TRPC1 MYL12A PLCG2 PAK6 ROCK2 PLXNA1 NCK1 PRKCZ LIMK1 CDC42 UNC5B HRAS MYL12B MAPK1 DPYSL2 PAK4 CDK5 CFL1 PDPK1 DPYSL5 NFATC4 PLXNA2 RHOA PARD3 PIK3R1 CXCR4 ITGB1 NFATC3 MYL9 PIK3CD CFL2 ABL1 SSH3 EPHB3 GNAI1 TRPC5 EPHB2 PAK5 EFNB2 RAF1 EPHB1 MAPK3 RRAS EPHA3 PAK3 TRPC6 TRPC4 PAK2 NGEF L1CAM RASA1 PIK3CB FYN
Fc epsilon RI signaling pathway,Organismal Systems,GAB2 AKT2 SYK MAPK10 MAPK9 MAPK12 HRAS PLA2G4A AKT3 MAPK8 MAPK1 NRAS FCER1G GRB2 PLCG1 MAPK13 PDPK1 LYN MAPK14 RAC1 PIK3R3 VAV3 ALOX5 MAP2K3 RAF1 LAT MAPK11 AKT1 MAP2K4 MAPK3 MAP2K6 PIK3R1 VAV2 BTK KRAS LCP2 VAV1 PRKCA MAP2K7 PLCG2 MAP2K1 MAP2K2 PIK3CD SOS1 PIK3CB FYN TNF
Fluid shear stress and atherosclerosis,Human Diseases,AKT2 DUSP1 MAPK7 SRC MEF2C PIAS4 SDC4 MAPK10 NOS3 MAP2K5 MAPK9 MAPK12 MAP3K7 CYBA MAPK8 NCF2 CAV1 AKT3 ARHGEF2 PRKAA1 MAP3K5 ITGB3 TXN TNFRSF1A PRKCZ MAPK13 IKBKB MMP2 MAPK14 RELA PTK2 RAC1 PECAM1 JUN CHUK PIK3R3 SDC1 IKBKG RHOA TP53 NFKB1 NQO1 AKT1 MAPK11 MAP2K4 KDR GSTA4 MAP2K6 PIK3R1 SDC2 HSP90B1 MEF2A CAV2 NCF1 MAP2K7 HSP90AA1 CDH5 FOS CALM1 NFE2L2 GSTP1 KEAP1 PRKAA2 HSP90AB1 BCL2 PIK3CD SQSTM1 PIK3CB CTNNB1 TNF HMOX1 TRPV4
NOD-like receptor signaling pathway,Organismal Systems,ATG16L1 PYCARD PLCB1 MAP3K7 MAPK8 JAK1 TP53BP1 STAT2 MAPK14 RELA PKN1 TICAM1 TYK2 STING1 SHARPIN PLCB3 CASP1 SUGT1 TAB3 TRIP6 STAT1 MAPK9 MAPK12 TRAF2 MAVS TXN CARD9 TXNIP CHUK YWHAE IRF3 NEK7 ATG5 PANX1 MAPK10 NFKBIA CYBA PKN2 MAPK1 NFKBIB MCU RIPK2 MAPK13 TNFAIP3 IFNAR1 RIPK3 IRAK4 XIAP TRAF3 BCL2L1 JUN PRKCD RHOA VDAC2 MFN2 CASR IRF7 TRPM7 HSP90AA1 GABARAPL2 FADD BCL2 CASP8 NFKB1 DNM1L TRAF6 TLR4 IFI16 NLRP3 MEFV IKBKB PSTPIP1 IKBKE VDAC1 IKBKG RIPK1 MAPK11 MAPK3 TRPM2 TBK1 ITPR1 TAB1 HSP90AB1 TNF
Oxytocin signaling pathway,Organismal Systems,MAPK7 SRC MEF2C PLCB1 OXTR MAP2K5 NOS3 CAMK2G PRKAB1 PLA2G4A PPP1CA HRAS PPP1R12A MAPK1 PTGS2 CAMK2D ROCK1 NFATC1 KCNJ3 NRAS RYR1 PRKAA1 PPP1R12B KCNJ4 CACNG2 EEF2 GNAI2 PIK3R6 GNAI1 RCAN1 NFATC4 JUN GUCY1B1 CAMKK2 CAMK2A ELK1 CAMK4 CAMK1D RHOA KCNJ2 RAF1 RYR2 MAPK3 NPR1 TRPM2 RGS2 CDKN1A PIK3CG PRKCB NFATC3 PRKCA EGFR PRKAG1 KCNJ5 FOS PPP1R12C PRKACA MAP2K1 CALM1 ITPR1 PLCB3 MAP2K2 KCNJ12 EEF2K CAMK1 ROCK2 MYL9 PRKAA2 ADCY3 CACNB2 CAMK2B CCND1 KRAS PPP1CC CACNA1C MYLK
Breast cancer,Human Diseases,FRAT1 FGFR1 AKT2 RPS6KB1 PIK3CB MTOR ARAF NFKB2 SHC1 PTEN HRAS CDKN1A NCOA1 NOTCH2 MAPK1 AKT3 NCOA3 CSNK1A1 HES5 MYC NRAS BAK1 GSK3B E2F3 GRB2 E2F1 RPS6KB2 BRCA1 NOTCH1 CDK4 HES1 ESR2 BRCA2 BRAF JUN APC ERBB2 PGR PIK3R3 DVL3 TCF7L2 TP53 SHC3 RAF1 AKT1 MAPK3 PIK3R1 DVL2 FGF1 LRP6 SHC4 EGFR FZD3 FOS IGF1R MAP2K1 ESR1 MAP2K2 FLT4 CTNNB1 FZD6 AXIN2 KIT FGF2 CDK6 PIK3CD AXIN1 BAX LEF1 KRAS CCND1 SP1 SOS1 RB1
Mitophagy,Cellular Processes,MITF USP15 SRC TFE3 RRAS2 MAPK10 CITED2 MAPK9 HRAS MAPK8 AMBRA1 NRAS E2F1 FIS1 RELA EIF2AK3 JUN BNIP3L BCL2L1 BNIP3 TP53 FOXO3 RHOT1 HIF1A PRKN MFN2 OPTN RRAS UBA52 KRAS ULK1 ATG9A CSNK2B ATF4 TBK1 FUNDC1 TAX1BP1 PINK1 GABARAPL2 TFEB ATG5 CSNK2A1 USP8 BECN1 SQSTM1 NBR1 SP1
Neutrophil extracellular trap formation,Organismal Systems,AKT2 SRC HMGB1 MTOR PLCB1 H2BC10 H2BC13 H2BC21 MAP3K7 H2BC18 ITGB3 PLCG1 C5AR1 MAPK14 RELA H2BC3 AGER RAC1 PIK3R3 FPR1 HDAC7 AQP9 H2AC12 AKT1 H3-3B SLC25A5 H2AC17 HDAC1 HDAC8 PLCB3 CASP1 H2BC9 H2BC17 MAPK12 HDAC3 FGA PPIF H2BC14 CLCN3 H2AC19 HDAC6 NCF1 PRKCA PLCG2 MAP2K1 H2AC21 ITGB2 H2AX H2AC14 HDAC2 CYBA NCF2 MAPK1 MAPK13 H2AC1 VDAC2 PIK3R1 PRKCB SLC25A4 HDAC9 PIK3CD NFKB1 H3C12 SYK H2BC15 TLR4 AKT3 H2BC12 H2BC11 HAT1 VDAC1 HDAC5 H2BC5 RAF1 MAPK11 H3-4 MAPK3 H2AC6 MAP2K2 HDAC4 FCGR2A H3C15 PIK3CB NCF4
Platelet activation,Organismal Systems,AKT2 SRC SYK PIK3CB PLCB1 RASGRP1 FERMT3 NOS3 MAPK12 MYL12B PLA2G4A PPP1CA PPP1R12A RASGRP2 MAPK1 AKT3 ROCK1 FGA ITGB3 FCER1G ARHGAP35 GNAI1 ITGA2 MAPK13 GNAI2 MAPK14 PIK3R6 LYN GNA13 PRKG1 PRKCI GUCY1B1 PIK3R3 RHOA RAP1B FYN AKT1 MAPK11 MAPK3 PIK3R1 RAP1A ITGB1 BTK LCP2 PIK3CG GP1BB MYL12A PRKACA PLCG2 STIM1 TBXA2R ARHGEF1 PLCB3 ITPR1 ORAI1 VASP FCGR2A ROCK2 PTGIR ADCY3 PIK3CD TLN1 PRKCZ SNAP23 PPP1CC MYLK
cGMP-PKG signaling pathway,Environmental Information Processing,AKT2 PLCB1 NOS3 BDKRB2 NFATC1 IRAG1 ATP2A2 GNA13 IRS1 AKT1 INSR NPR1 PIK3CG SLC25A5 MEF2B ATP2B1 PLCB3 AGTR1 ADRA1D CREB1 ADRB2 PPP1CA ROCK1 GNAI2 GUCY1B1 GTF2I PPIF RGS2 PDE3A MEF2A MAP2K1 CALM1 PLN ROCK2 CACNA1C ADRA2A MEF2C PPP1R12A MAPK1 PIK3R6 BAD NFATC4 ATF2 PRKG1 ATP2B4 ADRA1B RHOA GATA4 VDAC2 NFATC3 IRS4 ATF4 SLC25A4 MEF2D VASP MYL9 ADCY3 KCNMA1 MYLK PDE5A AKT3 GNAI1 PDE3B VDAC1 OPRD1 RAF1 ATP2B2 MAPK3 EDNRA IRS2 ITPR1 MAP2K2 TRPC6 ADRB1 ATP1A1 SRF CREB3 PPP1CC PRKCE
B cell receptor signaling pathway,Organismal Systems,AKT2 SYK PIK3CB NFKBIA HRAS AKT3 MAPK1 NFKBIB NFATC1 INPPL1 NRAS GRB2 GSK3B DAPP1 IKBKB BLNK RELA LYN FCGR2B RAC1 JUN CHUK PIK3R3 VAV3 IKBKG RAF1 AKT1 MAPK3 PIK3R1 MALT1 VAV2 BTK CARD11 CD79A KRAS BCL10 NFATC3 VAV1 PRKCB PTPN6 FOS PLCG2 MAP2K1 MAP2K2 PIK3AP1 CD79B CD19 PIK3CD SOS1 RASGRP3 NFKB1
Th17 cell differentiation,Organismal Systems,TBX21 STAT1 STAT6 SMAD4 FOXP3 MTOR RORA JAK3 MAPK10 MAPK9 LCK MAPK12 NFKBIA RUNX1 MAPK8 PRKCQ JAK1 TGFBR1 MAPK1 NFATC1 NFKBIB PLCG1 MAPK13 IFNGR1 AHR CD4 MAPK14 RELA IL2RB RORC GATA3 CD3E JAK2 JUN CHUK IKBKG LAT IL2RA STAT3 HIF1A TYK2 MAPK11 MAPK3 CD247 CD3G TGFBR2 NFATC3 RARA HSP90AA1 ZAP70 FOS SMAD2 SMAD3 IKBKB RXRA HSP90AB1 IL6ST STAT5B NFKB1 STAT5A
Progesterone-mediated oocyte maturation,Organismal Systems,AKT2 STK10 PIK3CB CDC25B ARAF ANAPC4 AURKA MAPK10 MAPK9 MAPK12 AKT3 MAPK8 MAPK1 MAD2L1 CDC16 GNAI1 PDE3B CDC25C MAPK13 GNAI2 MAPK14 PLK1 BRAF CCNA2 PGR PIK3R3 CCNB1 RPS6KA3 RAF1 RPS6KA2 AKT1 CDK2 MAPK11 MAPK3 PIK3R1 RPS6KA1 CDK1 RPS6KA6 KIF22 HSP90AA1 FZR1 BUB1 IGF1R PRKACA MAP2K1 CDC23 CDC26 CDC27 ADCY3 ANAPC7 HSP90AB1 PIK3CD MAD1L1 PKMYT1 KRAS ANAPC1 CDC25A
Gastric cancer,Human Diseases,FRAT1 AKT2 CDKN1B RPS6KB1 CTNNA1 SMAD4 MTOR ARAF GAB1 SHC1 HRAS CDKN1A MET AKT3 MAPK1 TGFBR1 CSNK1A1 MYC BAK1 NRAS E2F3 GSK3B GRB2 E2F1 CDX2 RPS6KB2 TERT BRAF APC ERBB2 PIK3R3 DVL3 TCF7L2 TP53 SHC3 FGFR2 RAF1 MLH1 AKT1 CDK2 MAPK3 PIK3R1 DVL2 KRAS TGFBR2 FGF1 LRP6 EGFR FZD3 SMAD2 SMAD3 MAP2K1 JUP MAP2K2 ABCB1 CTNNB1 FZD6 AXIN2 CDH1 FGF2 CCNE1 RXRA BCL2 PIK3CD AXIN1 BAX LEF1 PIK3CB CCND1 SHC4 SOS1 RB1
Apelin signaling pathway,Environmental Information Processing,SLC9A1 AKT2 RPS6KB1 NRF1 SMAD4 MEF2C MTOR PLCB1 RRAS2 NOS3 PRKAB1 HRAS PIK3C3 AKT3 MAPK1 PRKAA1 TGFBR1 RYR1 NRAS GNAI1 PDE3B RPS6KB2 GNAI2 PIK3R6 EGR1 GNA13 SPHK2 HDAC5 CAMK4 RAF1 MYL2 AKT1 RYR2 MAPK3 RRAS RPS6 PIK3CG MEF2A MEF2B PRKAG1 TFAM PRKACA SMAD3 MAP2K1 CALM1 SPHK1 PLCB3 GABARAPL2 MEF2D PPARGC1A AGTR1 SMAD2 ITPR1 MAP2K2 HDAC4 PRKCE NOS1 CDH1 PRKAA2 SPP1 ADCY3 BECN1 CCND1 NOS2 KRAS LIPE PLIN1 MYLK
Chemical carcinogenesis,Human Diseases,AKT2 SRC MTOR NOTCH2 PTGS2 MYC KLF5 E2F1 AHR RELA PGR PIK3R3 RPS6KA3 AKT1 CCND3 FGF2 STAT5B KRAS RB1 CREB1 ADRB2 NRAS GNAI2 RPS6KB2 RPS6KA1 PRKCA CDC6 EGFR CYP3A4 MAP2K1 RXRA UGT1A7 CACNA1C RPS6KB1 HRAS MAPK1 EIF4EBP1 BAD ATF2 XIAP BCL6 JUN ARNT BIRC5 PIK3R1 NR1I3 KPNA2 PRKCB CHRNA7 ARRB2 ATF4 HSP90AA1 FOS PRKACA UGT1A3 UGT2B7 GSTP1 PPARA PTGES3 ADCY3 BCL2 PIK3CD ARRB1 CCND1 ESR2 NFKB1 KLF4 STAT5A AKT3 GNAI1 GRB2 JAK2 IKBKE RAF1 RPS6KA2 STAT3 GSTA4 MAPK3 AR VDR HSP90B1 RPS6KA6 KPNA1 ESR1 MAP2K2 ADRB1 HSP90AB1 CREB3 SOS1 PIK3CB AIP CDC25A
Toxoplasmosis,Human Diseases,STAT1 AKT2 TRAF6 HSPA1L CASP9 CYCS MAPK10 MAPK9 MAPK12 NFKBIA TLR4 MAP3K7 LAMC1 MAPK8 JAK1 MAPK1 NFKBIB AKT3 TNFRSF1A SOCS1 GNAI1 IL10RA PDPK1 MAPK13 IFNGR1 IKBKB GNAI2 MAPK14 RELA LY96 PIK3R6 BAD JAK2 IRAK4 XIAP BCL2L1 CHUK PPIF ALOX5 IKBKG MAP2K3 STAT3 AKT1 TYK2 MAPK11 MAPK3 MAP2K6 ITGB1 PIK3CG TNF CASP3 TAB1 IRAK1 CIITA HSPA1A BCL2 CASP8 CCR5 NOS2 NFKB1
Bacterial invasion of epithelial cells,Human Diseases,CBL SEPTIN1 SRC CTNNA1 CDC42 CTTN GAB1 SHC1 DNM2 MET ARPC5 CAV1 WASF1 ACTR2 PTK2 RAC1 SEPTIN2 ELMO1 SEPTIN9 CLTB PIK3R3 RHOA SHC3 BCAR1 CRK VCL ELMO2 PIK3R1 ITGB1 WASL CAV2 FN1 HCLS1 CRKL ILK SEPTIN3 WASF2 DOCK1 PXN SEPTIN8 CDH1 DNM1 ARPC1B CLTC PIK3CD PIK3CB SHC4 CTNNB1
Necroptosis,Cellular Processes,STAT1 PYCARD DNM1L STAT6 HMGB1 H2AC14 JAK3 MAPK10 CAPN1 MAPK9 CAMK2G NLRP3 PLA2G4A TLR4 MAPK8 JAK1 TRAF2 CAMK2D TNFRSF1A STAT2 IFNGR1 TNFAIP3 H2AC1 IFNAR1 RIPK3 XIAP JAK2 VDAC1 PARP1 CAMK2A STAT4 RIPK1 H2AC12 STAT3 TICAM1 TYK2 VDAC2 AIFM1 EIF2AK2 PYGB H2AC6 H2AC19 BID CHMP4C TICAM2 TLR3 FAF1 TRPM7 SLC25A5 SHARPIN HSP90AA1 SMPD1 H2AC17 USP21 MLKL SLC25A4 CAPN2 CASP1 H2AX FADD SQSTM1 CHMP7 CFLAR CYLD HSP90AB1 H2AC21 BCL2 CASP8 CAMK2B BAX STAT5B TNF STAT5A
Toll-like receptor signaling pathway,Organismal Systems,IRF5 STAT1 AKT2 TRAF6 TLR4 MAPK10 NFKBIA MAPK9 MAPK12 TNF MAP3K7 AKT3 MAPK8 MAPK1 TIRAP MAPK13 IKBKB MAPK14 RELA LY96 IFNAR1 RAC1 IRAK4 TRAF3 IKBKE JUN CHUK PIK3R3 IKBKG RIPK1 MAP2K3 TICAM1 AKT1 MAPK11 MAP2K4 MAPK3 MAP2K6 IRF3 PIK3R1 IRF7 TICAM2 TLR3 MAP2K7 TBK1 TLR5 MAP3K8 FOS MAP2K1 MAP2K2 TAB1 IRAK1 FADD SPP1 CASP8 PIK3CD PIK3CB NFKB1
Phospholipase D signaling pathway,Environmental Information Processing,GAB2 AKT2 SYK PIK3CB MTOR PLCB1 GAB1 RRAS2 SHC1 PDGFRB DNM2 PLA2G4A HRAS GRM5 MAPK1 AKT3 PDGFRA PTK2B NRAS FCER1G PLD2 PLCG1 GRB2 CYTH1 PIK3R6 DGKD GNA13 PIP5K1B PTPN11 TSC1 PIK3R3 SPHK2 RAPGEF3 RHOA SHC3 RAF1 FYN AKT1 DGKA INSR MAPK3 PIK3R1 RRAS PIK3CG PRKCA GRM1 PIP5K1C EGFR CYTH2 PLCG2 MAP2K1 SPHK1 PLD1 PLCB3 RALB MAP2K2 AGTR1 AVPR2 TSC2 KIT RALA DNM1 ADCY3 DGKZ PIK3CD SOS1 KRAS SHC4 RHEB
Spinocerebellar ataxia,Human Diseases,AKT2 PSMD3 ATXN3 ATXN10 ATXN2L GRIA2 MTOR PLCB1 RORA CYCS MAPK10 MAPK9 PSMC5 ERN1 PIK3C3 AKT3 MAPK8 TRAF2 NRBF2 AMBRA1 MCU RYR1 MAP3K5 ATG101 MYOD1 PSMD11 GRIN2A ATP2A2 KCND3 VDAC1 PIK3R3 PPIF XBP1 TRPC3 KAT5 AKT1 GRIN2B VDAC2 GRIA1 RBPJ ATXN1 PIK3R1 ATG13 ATG14 CIC ULK1 PRKCB PSMC4 PRKCA GRM1 SLC25A5 FGF14 PSMA3 SLC25A4 NFYA ITPR1 PLCB3 RB1CC1 PSMD2 PSMA5 PSMA7 DAB1 ULK2 PIK3CD BECN1 GRIN1 PIK3CB SP1
GnRH signaling pathway,Organismal Systems,MAPK7 SRC CDC42 PLCB1 MAPK10 MAPK9 MAPK12 CAMK2G PLA2G4A HRAS MAPK8 MAPK1 CAMK2D PTK2B PLD2 NRAS GRB2 MAPK13 MMP2 MAPK14 EGR1 MAP3K3 JUN CAMK2A PRKCD ELK1 MAP2K3 RAF1 MAPK11 MAP2K4 MAPK3 MAP2K6 PRKCB PRKCA MAP2K7 EGFR ATF4 PRKACA MAP2K1 CALM1 PLD1 PLCB3 MMP14 ITPR1 MAP2K2 MAP3K4 MAP3K1 ADCY3 CAMK2B SOS1 KRAS CACNA1C
Hippo signaling pathway,Environmental Information Processing,YAP1 LIMD1 CTNNA1 SMAD4 AJUBA STK3 PPP2CA MOB1A ID1 PPP1CA TP53BP2 TGFBR1 MYC SOX2 GSK3B NKD2 SNAI2 GLI2 AMOT YWHAQ LLGL1 CSNK1E RASSF1 DLG2 APC MOB1B PRKCI ID2 DVL3 TCF7L2 PARD3 YWHAG DLG5 PPP2R2B SMAD1 YWHAE BIRC5 BTRC DLG1 TP73 DVL2 CCND2 PAK1 TGFBR2 FGF1 WWC1 LATS2 WWTR1 YWHAZ BBC3 FZD3 CCND3 DLG3 SMAD3 CSNK1D SMAD2 LATS1 FZD6 AXIN2 CDH1 SCRIB YWHAB DLG4 ITGB2 LEF1 AXIN1 PRKCZ NF2 CCND1 CTNNB1 PPP1CC PARD6A SAV1
NF-kappa B signaling pathway,Environmental Information Processing,TRAF6 SYK PIAS4 TRIM25 TLR4 NFKB2 NFKBIA TNF LCK MAP3K7 PRKCQ TRAF2 PTGS2 TNFRSF1A TIRAP PLCG1 IKBKB TNFAIP3 BLNK RELA LY96 PIDD1 LYN IRAK4 XIAP RELB TRAF3 BCL2L1 PARP1 CHUK IKBKG RIPK1 LAT TICAM1 MAP3K14 MALT1 BTK CARD11 BCL10 PRKCB TICAM2 CSNK2B ZAP70 PLCG2 TAB1 IRAK1 PLAU UBE2I CFLAR CYLD CSNK2A1 ATM BCL2 TAB3 NFKB1
Long-term potentiation,Organismal Systems,CREBBP GRIA2 PLCB1 ARAF HRAS CAMK2G PPP1CA GRM5 MAPK1 CAMK2D NRAS GRIN2A BRAF CAMK2A RAPGEF3 CAMK4 RPS6KA3 RAF1 RAP1B RPS6KA2 GRIN2B GRIA1 MAPK3 RAP1A RPS6KA1 PRKCB RPS6KA6 PRKCA GRM1 ATF4 EP300 PRKACA MAP2K1 CALM1 ITPR1 MAP2K2 PPP1R1A PLCB3 CAMK2B GRIN1 KRAS PPP1CC CACNA1C
Signaling pathways regulating pluripotency of stem cells,Cellular Processes,FGFR1 AKT2 SMAD4 PIK3CB JAK3 NANOG HRAS MAPK12 PCGF6 ID1 KAT6A AKT3 MAPK1 JAK1 MYC SOX2 NRAS GRB2 GSK3B MAPK13 MAPK14 SMAD9 SETDB1 JAK2 MYF5 APC PIK3R3 ID2 KLF4 DVL3 FGFR4 POU5F1 FGFR2 RAF1 SMAD1 AKT1 MAPK11 ID3 STAT3 MAPK3 PIK3R1 DVL2 LIFR RIF1 REST BMI1 TBX3 FZD3 ISL1 SMAD2 SMAD3 MAP2K1 IGF1R MAP2K2 CTNNB1 FZD6 AXIN2 TCF3 FGF2 IL6ST PIK3CD AXIN1 PAX6 KRAS PCGF2 HAND1 FGFR3
Amyotrophic lateral sclerosis,Human Diseases,NDUFB6 TUBA1A NUP133 PSMD3 MTOR ATF6 TUBB3 NUP153 NUP62 NEFL TARDBP TUBA4A MAPK14 GRIN2A RAC1 PFN1 HNRNPA2B1 FUS RAB8A CASP3 CASP1 ERBB4 NDUFS4 APAF1 PSMA5 GRIN1 BAX NDUFS2 DCTN6 CASP9 SOD1 MAPK12 PIK3C3 TRAF2 AMBRA1 NEFH KLC2 NDUFV3 TUBB2A DCTN1 KLC1 SRSF3 HNRNPA1 EIF2S1 GRIN2B MAP2K6 ATG14 HDAC6 TPR SMCR8 GLE1 NUP214 PSMA7 BECN1 GPX1 RANBP2 CAT ATP5F1C ATXN2L GRIA2 CYCS MCU MAP3K5 NUP98 TUBA1C NDUFV1 MAPK13 TUBB BAD RAB1A BCL2L1 PRKN DDIT3 OPTN NUP107 BID NCBP1 KLC4 ATF4 PSMA3 GABARAPL2 PINK1 NRG1 ALYREF NOS1 BCL2 RAB5A NUP210 NDUFV2 PSMC5 ERN1 NRBF2 TNFRSF1A ATG101 MATR3 SDHA DAXX PSMD11 VCP EIF2AK3 VDAC1 NDUFA12 XBP1 TP53 MAP2K3 MAPK11 TUBA1B NUP50 GRIA1 ATG13 UBQLN4 ULK1 TBK1 RB1CC1 PSMD2 ULK2 NOS2 SQSTM1 PSMC4 TNF
Influenza A,Human Diseases,STAT1 PYCARD AKT2 CREBBP TRIM25 IFIH1 CASP9 CYCS TLR4 NFKBIA NLRP3 AKT3 MAPK1 JAK1 NFKBIB MAVS BAK1 STAT2 NUP98 PML TNFRSF1A IKBKB IFNGR1 RELA CDK4 IFNAR1 JAK2 IRAK4 IKBKE TRAF3 VDAC1 EIF2S1 CHUK PIK3R3 IKBKG SOCS3 NFKB1 RAB11A RAF1 TICAM1 TYK2 AKT1 ADAR EIF2AK2 MAPK3 DNAJB1 PIK3R1 IRF3 IRF7 BID KPNA2 PRKCB TLR3 XPO1 EP300 PRKCA SLC25A5 TBK1 KPNA1 CCND3 SLC25A4 CASP3 MAP2K1 MAP2K2 CASP1 HNRNPUL1 FADD CIITA APAF1 CDK6 CASP8 PIK3CD BAX PIK3CB TNF
Choline metabolism in cancer,Human Diseases,AKT2 RPS6KB1 PIK3CB CHKA MTOR MAPK10 MAPK9 PDGFRB HRAS PLA2G4A AKT3 MAPK8 MAPK1 WASF1 PDGFRA PLD2 NRAS GRB2 PLCG1 PDPK1 RPS6KB2 EIF4EBP1 DGKD RAC1 PIP5K1B JUN TSC1 PIK3R3 RAF1 WASF3 HIF1A AKT1 DGKA MAPK3 PIK3R1 PRKCB PRKCA CHKB PIP5K1C EGFR FOS MAP2K1 PLD1 MAP2K2 WASF2 TSC2 DGKZ PIK3CD SOS1 KRAS SP1 WAS RHEB
Small cell lung cancer,Human Diseases,MAX AKT2 CDKN1B TRAF6 PIK3CB CASP9 CYCS NFKBIA PTEN CDKN1A LAMC1 AKT3 TRAF2 PTGS2 MYC BAK1 E2F3 TRAF4 ITGA2 E2F1 IKBKB RELA CDK4 COL4A3 PTK2 XIAP TRAF3 BCL2L1 CHUK PIK3R3 IKBKG TP53 FHIT AKT1 CDK2 PIK3R1 ITGB1 SKP2 FN1 CASP3 APAF1 CCNE1 RXRA CDK6 BCL2 PIK3CD NOS2 BAX CCND1 RB1 NFKB1
VEGF signaling pathway,Environmental Information Processing,AKT2 SRC CDC42 CASP9 NOS3 HRAS MAPK12 PLA2G4A AKT3 MAPK1 PTGS2 NRAS PLCG1 MAPK13 HSPB1 BAD MAPK14 PTK2 RAC1 PIK3R3 SPHK2 RAF1 MAPK11 AKT1 MAPK3 KDR PIK3R1 KRAS PRKCB PRKCA SPHK1 MAP2K1 PLCG2 MAP2K2 PXN MAPKAPK2 PIK3CD PIK3CB SH2D2A
"Parathyroid hormone synthesis, secretion and action",Organismal Systems,FGFR1 CREB1 MEF2C PLCB1 ARAF TRPV5 CDKN1A MAPK1 PLD2 GNAI1 GATA3 GNAI2 EGR1 AKAP13 ATF2 GNA13 BRAF PTH1R RHOA RAF1 PDE4B RUNX2 MAPK3 CASR PDE4C VDR PRKCB LRP6 MEF2A PRKCA ARRB2 EGFR ATF4 PDE4A FOS PRKACA MAP2K1 PLD1 MEF2D PLCB3 MMP14 NACA PDE4D ARHGEF1 ITPR1 GCM1 RXRA ADCY3 PTHLH BCL2 JUND ARRB1 CREB3 SP1 NR4A2
Diabetic cardiomyopathy,Human Diseases,NDUFB6 AKT2 PIK3CB MTOR PLCB1 NOS3 PTEN MAPK8 GSK3B MMP2 MAPK14 RELA AGER RAC1 GAPDH ATP2A2 IRS1 PIK3R3 CAMK2A AKT1 INSR SLC25A5 SLC2A1 SMAD3 SLC2A4 PLCB3 AGTR1 NDUFS4 CAMK2B NDUFS2 PDHA2 CD36 MAPK9 MAPK12 ACE CAMK2G PPP1CA GFPT1 TGFBR1 CAMK2D TNNI3 NDUFV3 PARP1 PPIF NCF1 PRKCA PLN PRKCZ SP1 ATP5F1C MAPK10 CYBA NCF2 NDUFV1 MAPK13 PRKCD VDAC2 RYR2 PIK3R1 TGFBR2 PRKCB SLC25A4 PPARA GYS1 PIK3CD NFKB1 NDUFV2 AKT3 SDHA VDAC1 NDUFA12 TBC1D4 MAPK11 G6PD SMAD2 GSR PDHA1 PPP1CC NCF4
Oocyte meiosis,Cellular Processes,ANAPC4 AURKA PPP2CA MAPK12 CAMK2G PPP1CA MAPK1 CAMK2D MAD2L1 CDC16 CDC25C MAPK13 YWHAQ MAPK14 PPP2R5A PPP2R5C PLK1 PPP2R5D PGR CAMK2A RPS6KA3 SMC1A CCNB1 YWHAG SLK FBXO43 RPS6KA2 YWHAE MAPK11 CDK2 BTRC MAPK3 AR RPS6KA1 CDK1 RPS6KA6 YWHAZ BUB1 SGO1 IGF1R PRKACA MAP2K1 CALM1 FBXO5 CDC23 CDC20 CDC26 ITPR1 ESPL1 CDC27 PTTG1 CCNE1 YWHAB ADCY3 ANAPC7 CAMK2B MAD1L1 PKMYT1 SMC3 ANAPC1 PPP1CC PTTG2
p53 signaling pathway,Cellular Processes,SFN CHEK1 CYCS CASP9 CDKN1A PTEN COP1 MDM4 CDK4 PIDD1 BCL2L1 SIVA1 CCNB1 TP53 SESN2 ATR CDK2 TP73 CDKN2A CCND2 BID CDK1 BBC3 CCND3 CASP3 PPM1D APAF1 RCHY1 TSC2 SIAH1 PMAIP1 RRM2 MDM2 CCNE1 CDK6 ATM BCL2 CASP8 RRM2B BAX CCND1 GTSE1 CHEK2 IGFBP3
Cushing syndrome,Human Diseases,CREB1 CDKN1B CYP17A1 RBBP5 PLCB1 CAMK2G CDKN1A PDE11A MAPK1 CAMK2D E2F3 GNAI1 GSK3B FH E2F1 AHR GNAI2 CDK4 NR4A1 ATF2 BRAF KMT2A APC CAMK2A DVL3 TCF7L2 STAR RAP1B ARNT KCNA4 CDK2 AIP MAPK3 RAP1A CDKN2A DVL2 KMT2D EGFR ATF4 FZD3 PRKACA WDR5 MAP2K1 KCNK3 PLCB3 NR5A1 ITPR1 ORAI1 AGTR1 MAP2K2 PDE8A CTNNB1 CRHR1 FZD6 AXIN2 CACNA1H CCNE1 MEN1 ADCY3 CDK6 USP8 CAMK2B LEF1 AXIN1 RB1 CCND1 SP1 CREB3 CACNA1C
Alcoholism,Human Diseases,H3C12 CREB1 H2BC17 H2BC15 ARAF H2AC14 H2BC10 SHC1 HRAS H2BC13 H2BC21 PPP1CA HDAC2 MAPK1 HDAC3 SLC29A1 NTRK2 H2BC18 NRAS DRD2 H2BC12 GRB2 GNAI1 GNAI2 H2AC1 PPP1R1B H2BC3 PKIA H2BC11 GRIN2A ATF2 BRAF HAT1 CAMKK2 HDAC7 CAMK4 HDAC5 H2BC14 SHC3 H2BC5 RAF1 H2AC12 PPP1CC FOSB GRIN2B BDNF H3-4 MAPK3 H2AC6 H2AC19 HDAC6 SLC18A2 H3-3B CAMKK1 ATF4 H2AC17 HDAC8 HDAC1 MAP2K1 CALM1 PRKACA HDAC4 SLC6A3 H2AX H2BC9 HDAC9 TH H2AC21 H3C15 GRIN1 CREB3 KRAS SHC4 SOS1 MAOA
Bladder cancer,Human Diseases,SRC ARAF HRAS CDKN1A MAPK1 MYC E2F3 NRAS E2F1 MMP2 CDK4 RASSF1 BRAF DAPK2 ERBB2 TP53 DAPK3 RAF1 RPS6KA5 MAPK3 CDKN2A EGFR MAP2K1 MAP2K2 DAPK1 MDM2 CDH1 CCND1 KRAS RB1 FGFR3
Chagas disease,Human Diseases,AKT2 TRAF6 PLCB1 TLR4 MAPK10 PPP2CA MAPK9 MAPK12 ACE NFKBIA BDKRB2 AKT3 MAPK8 MAPK1 TGFBR1 TNFRSF1A GNAI1 MAPK13 IFNGR1 IKBKB GNAI2 MAPK14 RELA GNA15 CD3E IRAK4 JUN CHUK PIK3R3 IKBKG PPP2R2B AKT1 TICAM1 MAPK11 MAP2K4 MAPK3 PIK3R1 CD247 CD3G TGFBR2 TNF FOS SMAD2 PLCB3 IRAK1 FADD CFLAR CASP8 PIK3CD NOS2 PIK3CB NFKB1
Non-alcoholic fatty liver disease,Human Diseases,NDUFB6 AKT2 NDUFV2 ADIPOR1 CDC42 PIK3CB CYCS ITCH MAPK10 TNF MAPK9 MAPK12 PRKAB1 ERN1 AKT3 MAPK8 TRAF2 PPARG PRKAA1 BCL2L11 TNFRSF1A MAP3K5 GSK3A GSK3B NDUFV1 MAPK13 NDUFV3 IKBKB MAPK14 RELA SDHA RAC1 EIF2AK3 IRS1 JUN EIF2S1 PIK3R3 NDUFA12 CEBPA SOCS3 XBP1 MLXIPL AKT1 MAPK11 INSR DDIT3 PIK3R1 BID ATF4 PRKAG1 IRS2 FOS CASP3 NDUFS4 PPARA SREBF1 NR1H3 RXRA PRKAA2 CASP8 MAP3K11 CASP7 BAX NDUFS2 PIK3CD NFKB1
Estrogen signaling pathway,Organismal Systems,CREB1 AKT2 SRC PIK3CB NCOA2 PLCB1 HSPA1L NOS3 SHC1 HRAS NCOA1 AKT3 MAPK1 NCOA3 KCNJ3 NRAS GRB2 GNAI1 MMP2 GNAI2 FKBP4 ATF2 JUN PGR PIK3R3 PRKCD SHC3 RAF1 AKT1 KRT19 MAPK3 PIK3R1 HSP90B1 RARA GRM1 EGFR ATF4 FKBP5 HSP90AA1 KCNJ5 FOS KRT18 KRT20 MAP2K1 CALM1 PRKACA PLCB3 ESR1 ITPR1 MAP2K2 HSPA1A ADCY3 HSP90AB1 BCL2 PIK3CD CREB3 SOS1 KRAS SHC4 SP1 ESR2 OPRM1
Adipocytokine signaling pathway,Organismal Systems,AKT2 ACACB ADIPOR1 MTOR MAPK10 NFKBIA PRKAB1 MAPK9 AKT3 PRKCQ PRKAA1 TRAF2 NFKBIB TNFRSF1A MAPK8 ACSL4 IKBKB RELA JAK2 IRS1 PTPN11 CHUK CAMKK2 PCK1 IKBKG SOCS3 NFKB1 STAT3 AKT1 STK11 IRS4 PRKAG1 IRS2 SLC2A1 SLC2A4 PPARGC1A PPARA RXRA PRKAA2 CD36 TNF
IL-17 signaling pathway,Organismal Systems,MAPK7 TRAF6 TNF MAPK10 NFKBIA MAPK9 MAPK12 MAPK15 MAP3K7 MAPK8 TRAF2 PTGS2 USP25 MAPK1 FOSL1 IL17RA GSK3B TRAF4 MAPK13 IKBKB TNFAIP3 MAPK14 RELA SRSF1 IKBKE TRAF3 JUN CHUK IKBKG S100A9 IL17RB FOSB MAPK11 MAPK4 MAPK3 HSP90B1 CEBPB TBK1 HSP90AA1 MAPK6 FOS CASP3 FADD ELAVL1 HSP90AB1 CASP8 JUND TAB3 NFKB1
Tuberculosis,Human Diseases,CREB1 AKT2 STAT1 CREBBP SRC TRAF6 SYK CASP9 CYCS MAPK10 TLR4 MAPK9 MAPK12 CAMK2G PIK3C3 TNF AKT3 MAPK8 JAK1 MAPK1 CAMK2D TNFRSF1A CARD9 HSPA9 IL10RA TIRAP IFNGR1 RIPK2 MAPK13 MAPK14 RELA FCER1G LAMP2 BAD FCGR2B IRAK4 JAK2 CAMK2A SPHK2 RHOA RAF1 AKT1 MAPK11 RAB5B MAPK3 EEA1 MALT1 BID VDR BCL10 CORO1A CEBPB LSP1 EP300 FCGR2C CASP3 NFYA CALM1 SPHK1 IRAK1 FADD CIITA APAF1 FCGR2A BCL2 CASP8 CAMK2B BAX ITGB2 RAB5A NOS2 NFKB1 KSR1
Calcium signaling pathway,Environmental Information Processing,PLCB1 NOS3 MET BDKRB2 GRM5 PDGFRA PLCG1 GRIN2A ATP2A2 CAMK2A ITPKB CAMK4 CAMK1D RET SLC25A5 ATP2B1 PLCB3 AGTR1 ADRA1D ERBB4 FGF2 CAMK2B GRIN1 FGFR1 ADRB2 CYSLTR1 CAMK2G CAMK2D LTB4R2 HRH1 ERBB3 PPIF FGFR4 HTR6 PHKA1 PRKCA GRM1 EGFR PLCG2 CALM1 TBXA2R PLN CACNA1H NTRK1 CACNA1C FGFR3 PDGFRB RYR1 MCU PTK2B ERBB2 FLT1 SPHK2 ATP2B4 ADRA1B FGFR2 VDAC2 PHKG1 RYR2 KDR CXCR4 PRKCB CHRNA7 SLC25A4 PRKACA SPHK1 STIM1 MCOLN1 NOS1 CAMK1 ADCY3 ITPKA FLT4 CHRM2 MYLK OXTR NTRK2 GNA15 VDAC1 ATP2B2 EDNRA FGF1 MST1R ORAI1 ITPR1 ADRB1 CASQ2 NOS2
Relaxin signaling pathway,Organismal Systems,CREB1 AKT2 SRC PIK3CB PLCB1 MAPK10 NOS3 SHC1 MAPK12 MAPK9 NFKBIA HRAS AKT3 MAPK8 MAPK1 TGFBR1 NRAS GNAI1 GRB2 PRKCZ MAPK13 MMP2 MAPK14 RELA GNAI2 COL4A3 GNA15 ATF2 JUN PIK3R3 SHC3 RAF1 AKT1 MAPK11 MAP2K4 MAPK3 PIK3R1 TGFBR2 PRKCA MAP2K7 EGFR ATF4 ARRB2 FOS PRKACA SMAD2 MAP2K1 PLCB3 MAP2K2 NOS1 ADCY3 PIK3CD ARRB1 NOS2 CREB3 KRAS SHC4 SOS1 NFKB1
Melanoma,Human Diseases,FGFR1 MITF AKT2 ARAF PDGFRB CDKN1A PTEN MET HRAS AKT3 MAPK1 BAK1 E2F3 PDGFRA NRAS E2F1 BAD CDK4 BRAF PIK3R3 TP53 RAF1 AKT1 MAPK3 PIK3R1 CDKN2A KRAS FGF1 EGFR IGF1R MAP2K1 MAP2K2 MDM2 CDH1 FGF2 CDK6 PIK3CD BAX CCND1 PIK3CB RB1
Th1 and Th2 cell differentiation,Organismal Systems,TBX21 STAT1 STAT6 JAK3 MAPK10 NFKBIA MAPK9 LCK MAPK12 NOTCH2 PRKCQ MAPK8 JAK1 MAPK1 NFKBIB NFATC1 PLCG1 MAPK13 IFNGR1 CD4 GATA3 MAPK14 RELA IL2RB NOTCH1 IKBKB CD3E JAK2 JUN CHUK IKBKG STAT4 LAT IL2RA MAPK11 TYK2 MAPK3 RBPJ CD247 CD3G NFATC3 ZAP70 FOS STAT5B RUNX3 NFKB1 STAT5A
Coronavirus disease,Human Diseases,MAP3K7 MAPK8 RPS11 JAK1 STAT2 PLCG1 C5AR1 MAPK14 RELA RPS27L RPL13A PIK3R3 TYK2 STING1 RPL10 UBA52 RPS6 RPL11 RPL7A IRAK1 CASP1 AGTR1 RPS10 IL6ST RPL13 STAT1 TNF MAPK9 MAPK12 ACE MAVS FGA CHUK CGAS ADAR IRF3 PRKCA EGFR RPL21 PLCG2 RPL19 RPS19 IFIH1 C1R MAPK10 NFKBIA MAPK1 NFKBIB MAPK13 IFNAR1 RPS27 IRAK4 TRAF3 JUN PIK3R1 RPL12 PRKCB TLR3 RPL8 RPS3A FOS PIK3CD NFKB1 TRAF6 SYK RPS15 TLR4 NLRP3 TNFRSF1A IKBKB IKBKE IKBKG STAT3 MAPK11 RPLP2 EIF2AK2 MAPK3 ACE2 TBK1 FCGR2A PIK3CB ADAM17 RPS3
Adrenergic signaling in cardiomyocytes,Organismal Systems,SLC9A1 CREB1 AKT2 ADRB2 PLCB1 CREM PPP2CA MAPK12 CAMK2G TPM2 PPP1CA AKT3 MAPK1 CAMK2D TNNI3 GNAI1 MAPK13 CACNG2 GNAI2 MAPK14 PIK3R6 PPP2R5A KCNE1 PPP2R5C ATP2A2 ATF2 PPP2R5D CAMK2A ATP2B4 RAPGEF3 ADRA1B PPP2R2B MYL2 AKT1 TNNT2 MAPK11 RPS6KA5 RYR2 ATP2B2 MAPK3 PIK3CG TPM1 PRKCA ATF4 ATP2B1 PRKACA CALM1 PPP1R1A PLCB3 SCN5A AGTR1 ADRA1D PLN KCNQ1 ADRB1 ADCY3 BCL2 ATP1A1 CACNB2 CAMK2B CREB3 PPP1CC CACNA1C
Huntington disease,Human Diseases,NDUFB6 TUBA1A PSMD3 NRF1 PLCB1 MTOR TUBB3 GRM5 MAPK8 POLR2A TUBA4A SIN3A GRIA4 AP2M1 EP300 SLC25A5 HIP1 CASP3 HDAC1 PLCB3 NDUFS4 APAF1 PSMA5 BAX GRIN1 NDUFS2 DCTN6 CREB1 CREBBP CASP9 SOD1 MAPK9 PIK3C3 TRAF2 AMBRA1 HTT KLC2 TUBB2A NDUFV3 DCTN1 KLC1 PPIF GRIN2B ATG14 BBC3 PPARGC1A SOD2 PSMA7 DLG4 GPX1 BECN1 SP1 ATP5F1C GRIA2 CYCS MAPK10 STX1A HDAC2 PPARG TUBA1C MAP3K5 NDUFV1 TUBB AP2B1 CLTB BDNF VDAC2 MAP2K7 KLC4 PSMA3 SLC25A4 CASP8 NDUFV2 PSMC5 ERN1 NRBF2 ATG101 SDHA PSMD11 VDAC1 NDUFA12 TP53 TUBA1B GRIA1 ATG13 ULK1 REST TFAM ITPR1 SLC1A3 TGM2 RB1CC1 PSMD2 ULK2 CLTC CREB3 PSMC4
Parkinson disease,Human Diseases,NDUFB6 TUBA1A PSMD3 ATF6 TUBB3 MAPK8 PLCG1 TUBA4A CAMK2A UBA52 SLC18A2 SLC25A5 UBA1 CASP3 TRAP1 NDUFS4 APAF1 PSMA5 CAMK2B BAX NDUFS2 DUSP1 CASP9 MAPK9 CAMK2G CAMK2D TXN KLC2 TUBB2A NDUFV3 GNAI2 SNCA KLC1 EIF2S1 PPIF PARK7 CALM1 SLC6A3 PSMA7 MAOA MAPT ATP5F1C CYCS LRRK2 MAPK10 MCU TUBA1C MAP3K5 DRD2 NDUFV1 TUBB BCL2L1 VDAC2 PRKN MFN2 HTRA2 DDIT3 KLC4 ATF4 PSMA3 SLC25A4 PRKACA PINK1 SEPTIN5 NDUFV2 PSMC5 ERN1 GNAI1 SDHA DAXX PSMD11 EIF2AK3 VDAC1 NDUFA12 XBP1 TP53 TUBA1B ITPR1 NFE2L2 PSMD2 TH SNCAIP PSMC4
Type II diabetes mellitus,Human Diseases,PIK3CB MTOR HK1 MAPK10 MAPK9 KCNJ11 PDX1 MAPK8 MAPK1 MAFA SOCS1 IKBKB PKM IRS1 PRKCD PIK3R3 SOCS3 INSR HK2 MAPK3 PIK3R1 CACNA1C SLC2A2 IRS4 IRS2 SLC2A4 PIK3CD PRKCZ TNF PRKCE
Prion disease,Human Diseases,NDUFB6 TUBA1A PSMD3 TUBB3 MAPK8 GSK3B MAPK14 TUBA4A NOTCH1 GRIN2A RAC1 PIK3R3 CSNK2B SLC25A5 CASP3 NDUFS4 APAF1 PSMA5 NCAM1 CSNK2A1 BAX GRIN1 NDUFS2 CREB1 HSPA1L CASP9 SOD1 MAPK9 MAPK12 KLC2 TUBB2A NDUFV3 KLC1 EIF2S1 PPIF GRIN2B NCF1 PRNP HSPA1A PSMA7 CACNA1C ATP5F1C CYCS MAPK10 CYBA MAPK1 NCF2 CAV1 RYR1 MCU TUBA1C NDUFV1 MAPK13 TUBB BAD ATF2 PRKCD VDAC2 RYR2 DDIT3 PIK3R1 CAV2 KLC4 ATF4 PSMA3 SLC25A4 PRKACA PIK3CD NDUFV2 PSMC5 LAMC1 EGR1 SDHA PSMD11 EIF2AK3 VDAC1 NDUFA12 MAPK11 TUBA1B MAPK3 ITPR1 PSMD2 CREB3 PIK3CB FYN PSMC4 TNF NCF4
Leishmaniasis,Human Diseases,STAT1 TRAF6 MARCKSL1 TLR4 NFKBIA MAPK12 EEF1A2 MAP3K7 CYBA NCF2 JAK1 PTGS2 NFKBIB MAPK1 MAPK13 IFNGR1 MAPK14 RELA JAK2 IRAK4 JUN ELK1 NFKB1 MAPK11 MAPK3 ITGB1 PTPN6 PRKCB EEF1A1 NCF1 ITGA4 FCGR2C FOS TAB1 IRAK1 FCGR2A ITGB2 NOS2 TNF NCF4
Thyroid cancer,Human Diseases,HRAS CDKN1A MAPK1 PPARG BAK1 MYC NRAS BRAF TCF7L2 TP53 RET MAPK3 TPR TFG MAP2K1 MAP2K2 CCDC6 PAX8 CDH1 RXRA NTRK1 BAX LEF1 KRAS CCND1 CTNNB1
RIG-I-like receptor signaling pathway,Organismal Systems,PIN1 TRAF6 TRIM25 IFIH1 MAPK10 NFKBIA MAPK9 MAPK12 MAP3K7 MAPK8 TRAF2 NFKBIB MAVS MAPK13 IKBKB MAPK14 RELA IKBKE TRAF3 CHUK IKBKG RIPK1 NFKB1 MAPK11 OTUD5 STING1 SIKE1 IRF3 IRF7 DDX3X TBK1 FADD ATG5 MAP3K1 CYLD CASP8 TNF
Glucagon signaling pathway,Organismal Systems,PGAM1 CREB1 AKT2 CREBBP ACACB PLCB1 SIRT1 PRKAB1 CAMK2G SIK1 AKT3 PRKAA1 CAMK2D PDE3B PFKP LDHA FBP1 PKM ATF2 FOXO1 CAMK2A PCK1 SIK2 AKT1 PHKG1 PYGB SLC2A2 PHKA1 CRTC2 EP300 ATF4 PRKAG1 SLC2A1 PRKACA CALM1 ITPR1 PLCB3 PPARGC1A PFKM LDHB PPARA ACACA PRKAA2 GYS1 CAMK2B CREB3 PDHA1 PDHA2
Pertussis,Human Diseases,PYCARD TRAF6 TLR4 MAPK10 NLRP3 C1R MAPK12 MAPK9 MAPK8 MAPK1 GNAI1 TIRAP CFL1 MAPK13 GNAI2 MAPK14 RELA LY96 IRAK4 JUN RHOA NFKB1 MAPK11 TICAM1 MAPK3 IRF3 ITGB1 TICAM2 FOS CASP3 CALM1 IRF1 IRAK1 CASP1 CASP7 ITGB2 CFL2 NOS2 TNF
Inflammatory mediator regulation of TRP channels,Organismal Systems,SRC PLCB1 MAPK10 MAPK9 MAPK12 CAMK2G PLA2G4A BDKRB2 PPP1CA MAPK8 PRKCQ CAMK2D PLCG1 MAPK13 MAPK14 TRPV1 HRH1 PIK3R3 CAMK2A PRKCD MAP2K3 ASIC3 TRPA1 TRPM8 MAPK11 MAP2K6 PIK3R1 PRKCB PRKCA ASIC1 PRKACA PLCG2 CALM1 ITPR1 PLCB3 PRKCH TRPV3 ADCY3 PIK3CD CAMK2B NTRK1 PIK3CB PPP1CC PRKCE TRPV4
GnRH secretion,Organismal Systems,AKT2 PLCB1 HRAS KCNJ11 AKT3 MAPK1 KCNJ3 NRAS TRPC5 PIK3R3 KCNN1 RAF1 AKT1 MAPK3 PIK3R1 KRAS PRKCB PRKCA ARRB2 TRPC1 KCNJ5 MAP2K1 ITPR1 MAP2K2 PLCB3 TRPC4 CACNA1H KCNN2 SPP1 KCNN4 PIK3CD ARRB1 PIK3CB ESR2 CACNA1C
Dopaminergic synapse,Organismal Systems,CREB1 AKT2 GRIA2 PLCB1 MAPK10 PPP2CA MAPK9 MAPK12 CAMK2G PPP1CA AKT3 MAPK8 CAMK2D KCNJ3 GSK3A DRD2 GNAI1 GSK3B MAPK13 GNAI2 MAPK14 PPP1R1B PPP2R5A GRIN2A PPP2R5C ATF2 GRIA4 PPP2R5D CAMK2A PPP2R2B PPP1CC AKT1 GRIN2B MAPK11 GRIA1 SLC18A2 PRKCB PRKCA ARRB2 ATF4 KCNJ5 FOS PRKACA CALM1 ITPR1 PLCB3 SLC6A3 CLOCK TH CAMK2B ARRB1 CREB3 MAOA CACNA1C
Wnt signaling pathway,Environmental Information Processing,FRAT1 CREBBP INVS SMAD4 PLCB1 PSEN1 MAPK10 MAPK9 CAMK2G MAP3K7 MAPK8 FOSL1 CAMK2D CSNK1A1 NFATC1 MYC GSK3B NKD2 CSNK1E SERPINF1 RUVBL1 NFATC4 RAC1 JUN APC CAMK2A DVL3 TCF7L2 RHOA TP53 BTRC DVL2 CCND2 PRKCB LRP6 NFATC3 EP300 PRKCA CSNK2B CTBP2 TLE1 DAAM1 FZD3 CCND3 PRKACA SMAD3 PPARD NLK PLCB3 TBL1XR1 FZD6 AXIN2 SIAH1 CSNK2A1 ROCK2 SENP2 CAMK2B LEF1 AXIN1 CCND1 CBY1 CTNNB1 CTBP1
JAK-STAT signaling pathway,Environmental Information Processing,STAT1 AKT2 CREBBP STAT6 EPOR PIAS4 PIK3CB MTOR STAM2 JAK3 FHL1 PDGFRB HRAS CDKN1A AKT3 JAK1 MYC PDGFRA STAT2 SOCS1 GRB2 IL10RA IFNGR1 IL2RB IFNAR1 JAK2 PIAS1 BCL2L1 PTPN11 PIK3R3 STAT4 SOCS3 GFAP RAF1 IL2RA STAT3 AKT1 TYK2 PIK3R1 PTPN6 CCND2 PRLR LIFR PRL EP300 IL15RA EGFR CCND3 PIM1 CSF3R GHR PTPN2 IL6ST BCL2 PIK3CD CCND1 STAT5B SOS1 MCL1 STAT5A CSF2RB
Gap junction,Cellular Processes,TUBA1A MAPK7 SRC PLCB1 MAP2K5 TUBB3 PDGFRB HRAS GRM5 MAPK1 PDGFRA TUBA1C NRAS DRD2 GNAI1 GRB2 TUBB2A TUBB GNAI2 TUBA4A PRKG1 GUCY1B1 RAF1 TUBA1B MAPK3 CDK1 PRKCB PRKCA GRM1 EGFR CSNK1D GJA1 PRKACA MAP2K1 ITPR1 PLCB3 MAP2K2 ADRB1 ADCY3 SOS1 KRAS
Ubiquitin mediated proteolysis,Genetic Information Processing,CBL NEDD4L AIRE TRAF6 PIAS4 FANCL ANAPC4 ITCH COP1 TRIP12 CBLB CDC16 SOCS1 UBE2A CUL5 UBE2R2 HUWE1 UBE2S BRCA1 DDB1 XIAP PIAS1 UBE2O FBXW7 SOCS3 TRIM32 UBE3A BTRC PRKN CBLC UBA52 SKP2 VHL NEDD4 FBXO4 RNF7 SMURF2 UBA1 FZR1 CDC23 CDC20 CDC26 UBE2I MDM2 RCHY1 SIAH1 MAP3K1 CDC27 KEAP1 UBR5 ANAPC7 CDC34 PRPF19 ANAPC1 PML
Long-term depression,Organismal Systems,GRIA2 PLCB1 ARAF PPP2CA HRAS PLA2G4A MAPK1 RYR1 NRAS GNAI1 GNAI2 LYN PRKG1 GNA13 BRAF GUCY1B1 RAF1 PPP1R17 GRIA1 MAPK3 PRKCB PRKCA GRM1 GNAZ IGF1R MAP2K1 ITPR1 MAP2K2 PLCB3 CRHR1 NOS1 KRAS
Cholinergic synapse,Organismal Systems,CREB1 AKT2 PIK3CB PLCB1 HRAS CAMK2G AKT3 MAPK1 KCNQ5 CAMK2D KCNJ3 NRAS CHAT GNAI1 KCNJ4 GNAI2 PIK3R6 JAK2 CAMK2A PIK3R3 CAMK4 KCNJ2 AKT1 MAPK3 PIK3R1 PIK3CG PRKCB PRKCA CHRNA7 ATF4 FOS PRKACA MAP2K1 ITPR1 PLCB3 KCNJ12 KCNQ1 KCNQ2 ADCY3 BCL2 PIK3CD CAMK2B CREB3 KRAS FYN CHRM2 CACNA1C
Natural killer cell mediated cytotoxicity,Organismal Systems,SYK PIK3CB ARAF TNF SHC1 HLA-B LCK HRAS MAPK1 NFATC1 PTK2B NRAS FCER1G TYROBP PLCG1 GRB2 IFNGR1 IFNAR1 RAC1 BRAF PTPN11 PIK3R3 VAV3 SHC3 LAT RAF1 FYN SH3BP2 MAPK3 PIK3R1 VAV2 BID PTPN6 PAK1 LCP2 PRKCB VAV1 CD247 PRKCA ZAP70 CASP3 PLCG2 MAP2K1 MAP2K2 KIR3DL1 PIK3CD ITGB2 SOS1 KRAS SHC4 HLA-A
Amphetamine addiction,Human Diseases,CREB1 GRIA2 SIRT1 STX1A CAMK2G HDAC2 PPP1CA CAMK2D PPP1R1B ATF2 GRIN2A JUN GRIA4 CAMK2A CAMK4 FOSB GRIN2B GRIA1 SLC18A2 PRKCB PRKCA ATF4 FOS HDAC1 PRKACA CALM1 SLC6A3 TH MAOA CAMK2B GRIN1 CREB3 PPP1CC CACNA1C
Aldosterone synthesis and secretion,Organismal Systems,PRKD1 PRKD3 CREB1 PLCB1 CAMK2G ATF1 CAMK2D DAGLA NR4A1 ATF2 CAMK2A ATP2B4 STAR CAMK1D CAMK4 KCNK9 ATP2B2 NPR1 CACNA1C PRKD2 PRKCB PRKCA ATF4 ATP2B1 KCNJ5 PRKACA KCNK3 CALM1 ITPR1 PLCB3 ORAI1 PRKCE AGTR1 CAMK1 CACNA1H ADCY3 ATP1A1 CAMK2B CREB3 NR4A2 LIPE
Homologous recombination,Genetic Information Processing,SSBP1 POLD3 BABAM1 BLM RAD51 RAD54L RPA2 RBBP8 BRCA1 BARD1 RAD52 MUS81 POLD2 NBN BRCA2 ABRAXAS1 RAD50 UIMC1 XRCC3 ATM XRCC2 MRE11 TOPBP1
Non-homologous end-joining,Genetic Information Processing,PRKDC FEN1 DCLRE1C POLL XRCC6 NHEJ1 POLM RAD50 XRCC5 XRCC4 MRE11 LIG4
Vascular smooth muscle contraction,Organismal Systems,PLCB1 ARAF PPP1R12A PLA2G4A PPP1CA PRKCQ MAPK1 PPP1R12B ROCK1 IRAG1 GNA13 PRKG1 BRAF MYH10 GUCY1B1 PRKCD ADRA1B RHOA MYH9 RAF1 MAPK3 NPR1 EDNRA PRKCB PPP1R14A PRKCA PPP1R12C PRKACA MAP2K1 CALM1 ARHGEF1 PLCB3 ITPR1 MAP2K2 PRKCE AGTR1 ADRA1D CALD1 PRKCH ROCK2 MYL9 PTGIR ADCY3 KCNMA1 PPP1CC CACNA1C MYLK
Cocaine addiction,Human Diseases,CREB1 GRIA2 GNAI1 DRD2 CDK5 GNAI2 RELA PPP1R1B ATF2 GRIN2A JUN FOSB BDNF GRIN2B CDK5R1 SLC18A2 ATF4 PRKACA SLC6A3 TH DLG4 MAOA GRIN1 CREB3 NFKB1
Epithelial cell signaling in Helicobacter pylori infection,Human Diseases,GIT1 SRC CDC42 MAPK10 NFKBIA MAPK9 MAPK12 MET MAPK8 PLCG1 MAPK13 IKBKB LYN MAPK14 RELA RAC1 JUN PTPN11 CHUK IKBKG MAPK11 MAP3K14 MAP2K4 CSK PAK1 EGFR CASP3 PLCG2 F11R ADAM17 NFKB1
Circadian entrainment,Organismal Systems,CREB1 GRIA2 PLCB1 CAMK2G MAPK1 CAMK2D KCNJ3 RYR1 GNAI1 GNAI2 GRIN2A PRKG1 GRIA4 GUCY1B1 CAMK2A GRIN2B RPS6KA5 RYR2 GRIA1 MAPK3 PRKCB PRKCA KCNJ5 FOS PRKACA CALM1 ITPR1 PLCB3 PER2 NOS1 CACNA1H ADCY3 PER3 CAMK2B GRIN1 CACNA1C
RNA transport,Genetic Information Processing,NUP133 THOC5 EIF2S3 EIF3F EEF1A2 EIF4B NUP98 FMR1 NUP153 NUP62 TARDBP TGS1 EIF4EBP1 TACC3 EIF5 PRMT5 UPF1 EIF2S1 RNPS1 FUS ACIN1 EIF4G1 DDX19B NUP50 EIF3J RANGAP1 NUP107 TPR STRAP NCBP1 EEF1A1 XPO1 EIF4G2 SRRM1 EIF2S2 POP4 GLE1 RAN EIF4A3 SMN2 RBM8A RANBP2 EIF4E NUP214 UBE2I EIF4G3 ALYREF SENP2 EIF2B5 DDX19A FXR1 NUP210
Aldosterone-regulated sodium reabsorption,Organismal Systems,NEDD4L SFN NR3C2 MAPK1 PDPK1 SGK1 IRS1 PIK3R3 SCNN1G KCNJ1 INSR MAPK3 PIK3R1 KRAS PRKCB PRKCA ATP1A1 PIK3CD PIK3CB
Melanogenesis,Organismal Systems,MITF CREB1 CREBBP PLCB1 HRAS CAMK2G TYR MAPK1 CAMK2D NRAS GNAI1 GSK3B GNAI2 CAMK2A DVL3 TCF7L2 RAF1 MAPK3 DVL2 PRKCB EP300 PRKCA FZD3 PRKACA MAP2K1 CALM1 PLCB3 MAP2K2 FZD6 KIT ADCY3 CAMK2B LEF1 CREB3 KRAS CTNNB1
Regulation of lipolysis in adipocytes,Organismal Systems,AKT2 ADRB2 AKT3 PTGS2 GNAI1 PDE3B GNAI2 PRKG1 IRS1 PIK3R3 AKT1 INSR PIK3R1 NPR1 FABP4 IRS4 IRS2 PRKACA ADRB1 ADCY3 PIK3CD PIK3CB LIPE PLIN1
Fanconi anemia pathway,Genetic Information Processing,FANCL BLM RAD51 RPA2 FANCE FANCM TELO2 BRCA1 MUS81 HES1 FANCG BRCA2 SLX4 FANCA FANCI ATR MLH1 POLH FANCD2 USP1 REV3L RMI2 ATRIP
Legionellosis,Human Diseases,PYCARD CYCS HSPA1L TLR4 NFKBIA CASP9 NFKB2 EEF1A2 RELA VCP RAB1A BNIP3 NFKB1 HSF1 EEF1A1 TLR5 CASP3 CASP1 APAF1 HSPA1A CASP8 CASP7 ITGB2 TNF
Serotonergic synapse,Organismal Systems,DUSP1 PLCB1 ARAF HRAS PLA2G4A MAPK1 PTGS2 KCNJ3 KCND2 NRAS GNAI1 GNAI2 TPH1 APP BRAF SLC6A4 HTR1A ALOX5 TPH2 RAPGEF3 RAF1 MAPK3 HTR6 SLC18A2 PRKCB PRKCA TRPC1 KCNJ5 PRKACA CASP3 MAP2K1 ITPR1 PLCB3 KCNN2 KRAS MAOA CACNA1C
Primary immunodeficiency,Human Diseases,ORAI1 UNG CD4 DCLRE1C AIRE BLNK CIITA BTK AICDA CD3E RAG2 JAK3 CD19 LCK PTPRC IKBKG CD79A ZAP70
Notch signaling pathway,Environmental Information Processing,KAT2A CREBBP PSEN1 HDAC2 NOTCH2 HES5 SNW1 NOTCH1 HES1 KAT2B DVL3 ATXN1 RBPJ DVL2 EP300 CTBP2 PSEN2 TLE1 HDAC1 NCOR2 NUMB NCSTN ADAM17 CTBP1
Circadian rhythm,Organismal Systems,CREB1 BTRC RORC CLOCK PER2 RORA PRKAB1 BHLHE40 PRKAA2 PER3 PRKAA1 PRKAG1 CSNK1D NR1D1 CSNK1E
Thermogenesis,Organismal Systems,NDUFB6 FGFR1 CREB1 NDUFV2 RPS6KB1 ATP5F1C MTOR PRKAB1 MAPK12 HRAS PPARG PRKAA1 SIRT6 NRAS ACSL4 MAP3K5 NDUFV1 MAPK13 NDUFV3 GRB2 RPS6KB2 MAPK14 SDHA ATF2 PRKG1 KDM1A TSC1 NDUFA12 RPS6KA3 MAP2K3 RPTOR DPF3 RPS6KA2 MAPK11 NPR1 RPS6KA1 RPS6 KDM3A RPS6KA6 PRKAG1 ARID1A PRKACA PPARGC1A AKT1S1 NDUFS4 TSC2 SMARCD3 PRKAA2 SMARCA4 ADCY3 SMARCC2 NDUFS2 CREB3 KRAS SOS1 RHEB LIPE PLIN1
Endocrine and other factor-regulated calcium reabsorption,Organismal Systems,PLCB1 TRPV5 DNM2 BDKRB2 AP2B1 CLTB ATP2B4 PTH1R RAB11A ATP2B2 AP2M1 VDR PRKCB PRKCA ATP2B1 PRKACA ESR1 PLCB3 DNM1 CLTC ATP1A1
Protein processing in endoplasmic reticulum,Genetic Information Processing,ATXN3 BAG2 HSPA1L PREB MAPK10 ATF6 MAPK9 CAPN1 ERN1 MAPK8 TRAF2 BAK1 MAP3K5 SSR1 SEC63 PDIA3 DNAJB2 CANX UFD1 VCP EIF2AK3 CRYAB EIF2S1 PDIA6 XBP1 AMFR SEC23A SEC23B EIF2AK2 PRKN DDIT3 DNAJB1 UBQLN4 DNAJC5 HSP90B1 UBXN1 MAP2K7 ATF4 HSP90AA1 CAPN2 NFE2L2 HSPH1 HSPA1A HSP90AB1 BCL2 BAX NSFL1C
Phosphatidylinositol signaling system,Environmental Information Processing,PLCB1 PIKFYVE PTEN PIP4K2B PIK3C3 INPPL1 PLCG1 DGKD PIP5K1B PIK3R3 IP6K2 ITPKB PIK3C2A DGKA PIK3R1 PRKCB PRKCA PIP5K1C PIP4K2C PI4KB PLCG2 CALM1 ITPR1 PLCB3 MTMR2 ITPKA PIK3CD DGKZ SYNJ2 PIK3CB PIP4K2A
Hypertrophic cardiomyopathy,Human Diseases,TTN PRKAB1 ACE TPM2 LMNA PRKAA1 TNNI3 ITGB3 EMD ITGA2 CACNG2 DAG1 ITGB5 ATP2A2 MYBPC3 MYL2 TNNT2 RYR2 DES ITGB1 TPM1 PRKAG1 ITGA4 PRKAA2 CACNB2 ITGB4 ITGB7 TNF CACNA1C
Insulin secretion,Organismal Systems,CREB1 PLCB1 STX1A CAMK2G KCNJ11 PDX1 CAMK2D ATF2 TRPM4 CAMK2A KCNN1 RYR2 SNAP25 PRKCB SLC2A2 PRKCA ATF4 SLC2A1 PRKACA PLCB3 KCNN4 ADCY3 KCNMA1 KCNN2 ATP1A1 CAMK2B CREB3 CACNA1C
Arrhythmogenic right ventricular cardiomyopathy,Human Diseases,CTNNA1 LMNA EMD ITGB3 ITGA2 CACNG2 DAG1 ITGB5 ATP2A2 TCF7L2 PKP2 RYR2 DES ITGB1 CDH2 DSP ITGA4 GJA1 JUP CTNNB1 CACNB2 LEF1 ITGB4 ITGB7 CACNA1C
Cell adhesion molecules,Environmental Information Processing,NRXN1 CLDN7 SDC4 MPZL1 TIGIT CD226 HLA-B LRRC4C SPN ICOSLG SDC3 CD4 OCLN CD274 PECAM1 SDC1 CLDN11 CLDN3 CLDN4 MAG ITGB1 SDC2 CDH2 PTPRF PTPRC ITGA4 CDH5 ICAM3 CD28 CLDN1 CD6 F11R NCAM1 CDH1 L1CAM ITGB2 CTLA4 ITGB7 HLA-A NLGN4X
Base excision repair,Genetic Information Processing,FEN1 UNG LIG1 POLD2 LIG3 POLL HMGB1 POLD3 NEIL1 MBD4 PARP1 APEX1 PCNA XRCC1
Gastric acid secretion,Organismal Systems,SLC9A1 PLCB1 CAMK2G CFTR CAMK2D GNAI1 GNAI2 EZR CAMK2A KCNJ2 KCNJ1 SSTR2 PRKCB PRKCA PRKACA CALM1 ITPR1 PLCB3 GAST KCNQ1 ADCY3 ATP1A1 CAMK2B MYLK
Dilated cardiomyopathy,Human Diseases,TTN TPM2 LMNA TNNI3 ITGB3 EMD ITGA2 CACNG2 DAG1 ITGB5 ATP2A2 MYBPC3 MYL2 TNNT2 RYR2 DES ITGB1 TPM1 ITGA4 PRKACA PLN ADRB1 ADCY3 CACNB2 ITGB4 ITGB7 TNF CACNA1C
Hedgehog signaling pathway,Environmental Information Processing,GLI1 CSNK1A1 GSK3B CSNK1E GLI2 KIF3A BTRC CCND2 ARRB2 SMURF2 CSNK1D PRKACA SPOP BCL2 ARRB1 GLI3 SUFU GRK2 CCND1
Inositol phosphate metabolism,Metabolism,PLCB1 PIKFYVE PTEN PIP4K2B PIK3C3 INPPL1 PLCG1 TPI1 PIP5K1B ITPKB PIK3C2A PIK3CG PIP5K1C PIP4K2C PI4KB PLCG2 PLCB3 MTMR2 ITPKA SYNJ2 PIK3CD PIK3CB PIP4K2A
Renin secretion,Organismal Systems,CREB1 ADRB2 PLCB1 ACE GNAI1 PDE3B GNAI2 AQP1 GUCY1B1 KCNJ2 NPR1 EDNRA PDE3A PRKACA ITPR1 ORAI1 PLCB3 CALM1 AGTR1 ADRB1 KCNMA1 CACNA1C
Retrograde endocannabinoid signaling,Organismal Systems,NDUFB6 NDUFV2 GABRR1 GRIA2 PLCB1 MAPK10 MAPK9 MAPK12 GRM5 MAPK8 MAPK1 PTGS2 KCNJ3 GNAI1 DAGLA NDUFV1 MAPK13 NDUFV3 GNAI2 MAPK14 GRIA4 NDUFA12 MAPK11 GRIA1 MAPK3 PRKCB PRKCA GRM1 KCNJ5 PRKACA ITPR1 PLCB3 NDUFS4 ADCY3 GABRG2 NDUFS2 CACNA1C
Cortisol synthesis and secretion,Organismal Systems,CREB1 CYP17A1 PLCB1 NR4A1 ATF2 STAR KCNA4 ATF4 PRKACA NR5A1 KCNK3 ORAI1 PLCB3 ITPR1 AGTR1 PDE8A CACNA1H ADCY3 CREB3 SP1 CACNA1C
TGF-beta signaling pathway,Environmental Information Processing,RBL1 CREBBP RPS6KB1 SMAD4 PPP2CA ID1 MAPK1 TGFBR1 TFDP1 ROCK1 MYC RPS6KB2 SMAD9 ID2 RHOA SMAD1 ID3 MAPK3 TGFBR2 EP300 SMURF2 SMAD2 SMAD3 SMAD6 E2F4 SP1 TNF
Vasopressin-regulated water reabsorption,Organismal Systems,NSF CREB1 RAB5B AVPR2 DCTN1 ARHGDIA ADCY3 ARHGDIB DCTN6 DYNLL1 CREB3 RAB5A RAB11A PRKACA AQP4 AQP2
Glutamatergic synapse,Organismal Systems,GRIA2 PLCB1 PLA2G4A GRM5 MAPK1 KCNJ3 PLD2 GNAI1 GNAI2 GRIN2A GRIA4 DLGAP1 GRIN2B GRIK2 GRIA1 MAPK3 PRKCB PRKCA GRM1 TRPC1 PRKACA PLD1 ITPR1 SLC1A3 PLCB3 GLS ADCY3 DLG4 GRK2 GRIN1 CACNA1C
Glycolysis / Gluconeogenesis,Metabolism,PGAM1 GPI PGK1 HK1 ACSS2 PFKP TPI1 LDHA FBP1 PKM GAPDH PCK1 DLD HK2 PFKM LDHB ENO1 PGM1 PDHA1 PDHA2 ALDH2
Ferroptosis,Cellular Processes,VDAC2 SAT1 MAP1LC3B PCBP1 ATG5 TFRC SLC3A2 PRNP PCBP2 MAP1LC3C TP53 HMOX1 MAP1LC3A ACSL4 SLC7A11
Morphine addiction,Human Diseases,GRK5 GABRR1 GRK4 GRK6 PDE11A KCNJ3 GNAI1 PDE3B GNAI2 PDE10A PDE4B PDE4C PDE3A PRKCB PRKCA ARRB2 KCNJ5 PDE4A PRKACA PDE4D PDE8A ADCY3 GABRG2 ARRB1 GRK2 OPRM1
Viral myocarditis,Human Diseases,CYCS CASP9 HLA-B ABL1 CAV1 DAG1 RAC1 EIF4G1 ABL2 BID EIF4G2 CD28 CASP3 EIF4G3 CASP8 ITGB2 CCND1 FYN HLA-A
Salivary secretion,Organismal Systems,SLC9A1 TRPV6 ADRB2 PLCB1 PRKG1 GUCY1B1 ATP2B4 ADRA1B SLC12A2 ATP2B2 PRKCB PRKCA AQP5 ATP2B1 PRKACA CALM1 ITPR1 PLCB3 PRH2 ADRA1D ADRB1 NOS1 KCNN4 ADCY3 KCNMA1 ATP1A1
Spliceosome,Genetic Information Processing,RBMXL1 PCBP1 HSPA1L RBM17 SNRNP70 SRSF2 CDC5L SNW1 SF3B1 DDX5 SRSF1 U2AF2 PQBP1 SRSF9 SRSF3 HNRNPA1 HNRNPC FUS ACIN1 HNRNPU HNRNPK HNRNPM PRPF3 NCBP1 RBMX EIF4A3 PLRG1 SF3B2 PRPF31 RBM8A DHX38 ALYREF HSPA1A PRPF19
Cytosolic DNA-sensing pathway,Organismal Systems,PYCARD NFKBIA NFKBIB MAVS IKBKB RELA RIPK3 IKBKE CHUK IKBKG RIPK1 CGAS ADAR STING1 IRF3 IRF7 TBK1 CASP1 NFKB1
Phagosome,Cellular Processes,TUBA1A PIKFYVE C1R TLR4 TUBB3 HLA-B PIK3C3 CYBA NCF2 TUBA1C ITGB3 ITGA2 TUBB2A CANX TUBB TUBA4A LAMP2 FCGR2B ITGB5 RAC1 TUBA1B RAB5B EEA1 ITGB1 CORO1A NCF1 FCAR FCGR2C HGS FCGR2A TFRC NOS1 ITGB2 RAB5A CD36 HLA-A NCF4
DNA replication,Genetic Information Processing,RPA2 SSBP1 FEN1 RFC1 LIG1 POLD2 MCM7 MCM2 MCM3 POLD3 MCM5 MCM4 PCNA
Amoebiasis,Human Diseases,PLCB1 TLR4 TNF LAMC1 HSPB1 RELA COL4A3 PTK2 GNA15 ACTN1 PIK3R3 VCL RAB5B PIK3R1 PRKCB PRKCA FN1 PRKACA CASP3 PLCB3 PRDX1 PIK3CD ITGB2 RAB5A NOS2 PIK3CB NFKB1
Basal cell carcinoma,Human Diseases,GLI1 CDKN1A BAK1 GSK3B GLI2 APC DVL3 TCF7L2 TP53 DVL2 FZD3 AXIN2 FZD6 AXIN1 BAX SUFU LEF1 GLI3 CTNNB1
Purine metabolism,Metabolism,NME2 IMPDH2 PPAT PDE5A PDE11A RRM1 NME1 PDE3B PAICS PKM GUCY1B1 PDE10A XDH FHIT PDE4B NPR1 PDE4C ATIC PDE3A GMPR PDE4A PDE4D DCK PRPS2 PDE8A RRM2 ADCY3 RRM2B PRPS1 PGM1 GMPS PDE6G
mRNA surveillance pathway,Genetic Information Processing,SSU72 PPP2CA PPP1CA SYMPK TARDBP PPP2R5A PPP2R5C UPF1 PCF11 PPP2R5D RNPS1 FUS PPP2R2B ACIN1 DDX19B FIP1L1 NCBP1 SRRM1 EIF4A3 GLE1 RBM8A ALYREF RNMT DAZAP1 DDX19A PPP1CC
Systemic lupus erythematosus,Human Diseases,H3C12 H2BC17 SSB H2BC15 H2AC14 C1R H2BC10 TNF H2BC13 H2BC21 H2BC18 H2BC12 H2AC1 H2BC3 H2BC11 GRIN2A ACTN1 H2BC14 H2BC5 H2AC12 GRIN2B H3-4 H2AC6 H2AC19 H3-3B H2AC17 CD28 H2BC9 FCGR2A H2AC21 H3C15 H2AX
Inflammatory bowel disease,Human Diseases,TBX21 STAT1 STAT6 FOXP3 TLR4 RORA TNF NFATC1 GATA3 IFNGR1 RELA RORC JUN STAT4 STAT3 TLR5 SMAD2 SMAD3 NFKB1
Carbohydrate digestion and absorption,Organismal Systems,HK2 PLCB3 AKT2 SI PIK3R1 PLCB1 HK1 PRKCB SLC2A2 PIK3R3 ATP1A1 AKT3 PIK3CD PIK3CB AKT1
Pyruvate metabolism,Metabolism,ACAT1 ACACB LDHA LDHB PKM ACACA ME1 PCK1 ACSS2 GLO1 PDHA1 DLD PDHA2 ALDH2 FH
Maturity onset diabetes of the young,Human Diseases,HNF1A NR5A2 HES1 HNF4A HHEX SLC2A2 PDX1 PAX6 MAFA FOXA2
Mismatch repair,Genetic Information Processing,RPA2 SSBP1 EXO1 RFC1 LIG1 POLD2 POLD3 PCNA MLH1
Nucleotide excision repair,Genetic Information Processing,RPA2 LIG1 RFC1 POLD2 DDB1 POLD3 ERCC6 XPA CDK7 CETN2 CCNH XPC PCNA ERCC3
Bile secretion,Organismal Systems,SLC9A1 SLC9A3 CFTR SLCO1B1 HMGCR NR1H4 AQP1 NR0B2 AQP9 ABCG2 CYP3A4 SLC2A1 PRKACA UGT1A3 AQP4 UGT2B7 ABCB1 RXRA UGT1A7 ADCY3 KCNN2 ATP1A1 SLC4A4
Pancreatic secretion,Organismal Systems,SLC9A1 PLCB1 CFTR RAC1 ATP2A2 ATP2B4 RHOA SLC12A2 RAB11A RAP1B RAB8A RYR2 ATP2B2 RAP1A PRKCB PRKCA TRPC1 ATP2B1 ITPR1 PLCB3 KCNQ1 ADCY3 KCNMA1 ATP1A1 SLC4A4
Pentose phosphate pathway,Metabolism,PRPS2 GPI PFKM FBP1 PGD G6PD TKT PRPS1 PGM1 PFKP
Citrate cycle (TCA cycle),Metabolism,ACO1 SDHA IDH1 SUCLA2 ACLY PCK1 PDHA1 DLD PDHA2 FH
Thyroid hormone synthesis,Organismal Systems,CREB1 PLCB1 CANX ATF2 HSP90B1 PRKCB PRKCA ATF4 PRKACA ITPR1 PLCB3 PAX8 SLC26A4 ADCY3 ATP1A1 GPX1 GSR CREB3 DUOX1
Hematopoietic cell lineage,Organismal Systems,CD33 EPOR MME CD44 FLT3 ITGB3 MS4A1 ITGA2 CD4 CD3E IL2RA CD3G GP1BB ITGA4 CSF1R CSF3R CD5 KIT TFRC CD19 CD36 TNF
Folate biosynthesis,Metabolism,TPH1 SPR PAH GCH1 PTS TH DHFR TPH2
